﻿pos_x,pos_y,rotation,side,designator,mpn,pack,footprint,value,mount_type
238.0,-98.08325,90.0,top,C1,,,CAP_YX_8X11P5_RUB,470uF,tht
237.85,-77.08325,90.0,top,C2,,,CAP_YX_8X11P5_RUB,470uF,tht
238.0,-87.58325,90.0,top,C3,,,CAP_YX_8X11P5_RUB,470uF,tht
238.0,-66.58325,90.0,top,C4,,,CAP_YX_8X11P5_RUB,470uF,tht
231.5,-112.5,90.0,top,C6,,,CAP_PAN_5X11_PAN,22uF,tht
236.0,-104.5,-90.0,top,C7,,,CAP_PAN_6.3X11.2_PAN,220uF,tht
217.425,-81.67,0.0,top,ESP32-DEVKIT1,,,ESP32 DEVKIT V1,~,smt
208.0,-112.0,0.0,top,J1,,None,JST_XH_B2B-XH-A_1x02_P2.50mm_Vertical,B2B-XH-A,tht
246.0,-93.17,0.0,top,J2,,,PinHeader_1x03_P2.54mm_Vertical,servo4,tht
246.0,-83.17,0.0,top,J3,,,PinHeader_1x03_P2.54mm_Vertical,servo3,tht
246.0,-73.17,0.0,top,J4,,,PinHeader_1x03_P2.54mm_Vertical,servo2,tht
246.0,-63.17,0.0,top,J5,,,PinHeader_1x03_P2.54mm_Vertical,servo1,tht
239.0,-57.5,-90.0,top,J6,,,PinHeader_1x02_P2.54mm_Vertical,EDF,tht
197.0,-68.08,180.0,top,J7,,,PinHeader_1x05_P2.54mm_Vertical,Conn_01x05_Socket,tht
197.0,-83.5,180.0,top,J8,,,PinHeader_1x05_P2.54mm_Vertical,Conn_01x05_Socket,tht
194.0,-101.695,90.0,top,MPU9250,,,MPU9250,~,smt
220.5,-112.0,-90.0,top,SW1,,,SW_DS01-254-L-01BE,SW_SPST,tht
244.0,-105.0,90.0,top,U1,,,SOT-223-3_TabPin2,AMS1117-5.0,smt
