t,x,y,z,
1,1.4,179.99,-0.01,0.01
2,1.71,179.93,-0.07,0.07
3,1.71,179.86,-0.14,0.14
4,2.08,179.78,-0.22,0.22
5,2.5,179.71,-0.29,0.29
6,2.69,179.63,-0.37,0.37
7,3.11,179.55,-0.45,0.45
8,3.36,179.46,-0.54,0.54
9,3.23,179.38,-0.62,0.62
10,3.23,179.28,-0.72,0.72
11,3.17,179.2,-0.8,0.8
12,2.93,179.11,-0.89,0.89
13,3.11,179,-1,1
14,3.17,178.88,-1.12,1.12
15,3.23,178.77,-1.23,1.23
16,3.05,178.66,-1.34,1.34
17,3.54,178.54,-1.46,1.46
18,3.66,178.42,-1.58,1.58
19,4.46,178.3,-1.7,1.7
20,4.39,178.18,-1.82,1.82
21,4.76,178.06,-1.94,1.94
22,5,177.94,-2.06,2.06
23,4.94,177.82,-2.18,2.18
24,5.31,177.7,-2.3,2.3
25,5.31,177.58,-2.42,2.42
26,5.43,177.46,-2.54,2.54
27,5.55,177.34,-2.66,2.66
28,5.19,177.22,-2.78,2.78
29,4.52,177.1,-2.9,2.9
30,4.39,176.99,-3.01,3.01
31,3.78,176.88,-3.12,3.12
32,3.6,176.76,-3.24,3.24
33,3.11,176.63,-3.37,3.37
34,2.62,176.51,-3.49,3.49
35,2.56,176.39,-3.61,3.61
36,2.38,176.27,-3.73,3.73
37,1.77,176.14,-3.86,3.86
38,1.1,176.03,-3.97,3.97
39,0.43,175.92,-4.08,4.08
40,-0.06,175.81,-4.19,4.19
41,-0.49,175.71,-4.29,4.29
42,-0.67,175.6,-4.4,4.4
43,-0.55,175.51,-4.49,4.49
44,0,175.41,-4.59,4.59
45,0.49,175.32,-4.68,4.68
46,1.16,175.23,-4.77,4.77
47,1.89,175.13,-4.87,4.87
48,2.87,175.04,-4.96,4.96
49,3.54,174.95,-5.05,5.05
50,4.15,174.85,-5.15,5.15
51,4.33,174.75,-5.25,5.25
52,4.58,174.65,-5.35,5.35
53,4.76,174.55,-5.45,5.45
54,4.94,174.44,-5.56,5.56
55,4.88,174.32,-5.68,5.68
56,4.76,174.21,-5.79,5.79
57,4.88,174.09,-5.91,5.91
58,4.58,173.97,-6.03,6.03
59,4.64,173.86,-6.14,6.14
60,4.21,173.74,-6.26,6.26
61,4.03,173.63,-6.37,6.37
62,3.91,173.52,-6.48,6.48
63,3.48,173.4,-6.6,6.6
64,2.87,173.29,-6.71,6.71
65,2.5,173.17,-6.83,6.83
66,2.32,173.06,-6.94,6.94
67,2.08,172.95,-7.05,7.05
68,2.44,172.84,-7.16,7.16
69,2.26,172.73,-7.27,7.27
70,2.44,172.63,-7.37,7.37
71,2.69,172.53,-7.47,7.47
72,2.5,172.43,-7.57,7.57
73,2.87,172.33,-7.67,7.67
74,2.81,172.24,-7.76,7.76
75,2.75,172.14,-7.86,7.86
76,2.69,172.04,-7.96,7.96
77,2.75,171.94,-8.06,8.06
78,2.99,171.84,-8.16,8.16
79,2.75,171.74,-8.26,8.26
80,3.11,171.64,-8.36,8.36
81,2.99,171.54,-8.46,8.46
82,2.99,171.45,-8.55,8.55
83,2.93,171.35,-8.65,8.65
84,2.69,171.26,-8.74,8.74
85,2.32,171.17,-8.83,8.83
86,2.08,171.08,-8.92,8.92
87,1.65,170.99,-9.01,9.01
88,1.28,170.9,-9.1,9.1
89,0.73,170.81,-9.19,9.19
90,0.18,170.71,-9.29,9.29
91,-1.04,170.62,-9.38,9.38
92,-1.77,170.53,-9.47,9.47
93,-2.56,170.44,-9.56,9.56
94,-3.78,170.35,-9.65,9.65
95,-4.27,170.27,-9.73,9.73
96,-5,170.18,-9.82,9.82
97,-5.55,170.09,-9.91,9.91
98,-5.86,169.98,-10.02,10.02
99,-6.1,169.88,-10.12,10.12
100,-6.59,169.78,-10.22,10.22
101,-6.47,169.67,-10.33,10.33
102,-6.47,169.57,-10.43,10.43
103,-6.41,169.46,-10.54,10.54
104,-6.47,169.35,-10.65,10.65
105,-6.35,169.25,-10.75,10.75
106,-6.53,169.14,-10.86,10.86
107,-6.47,169.03,-10.97,10.97
108,-6.71,168.93,-11.07,11.07
109,-7.51,168.82,-11.18,11.18
110,-7.87,168.7,-11.3,11.3
111,-8.3,168.61,-11.39,11.39
112,-8.67,168.5,-11.5,11.5
113,-9.03,168.4,-11.6,11.6
114,-9.28,168.3,-11.7,11.7
115,-9.22,168.18,-11.82,11.82
116,-9.4,168.06,-11.94,11.94
117,-9.03,167.95,-12.05,12.05
118,-8.79,167.83,-12.17,12.17
119,-8.79,167.7,-12.3,12.3
120,-8.54,167.59,-12.41,12.41
121,-8.97,167.47,-12.53,12.53
122,-9.09,167.37,-12.63,12.63
123,-9.52,167.27,-12.73,12.73
124,-9.89,167.17,-12.83,12.83
125,-10.19,167.08,-12.92,12.92
126,-10.38,166.99,-13.01,13.01
127,-10.19,166.91,-13.09,13.09
128,-10.25,166.83,-13.17,13.17
129,-10.5,166.73,-13.27,13.27
130,-10.07,166.64,-13.36,13.36
131,-9.77,166.56,-13.44,13.44
132,-9.58,166.47,-13.53,13.53
133,-9.16,166.4,-13.6,13.6
134,-9.03,166.32,-13.68,13.68
135,-8.91,166.24,-13.76,13.76
136,-9.34,166.18,-13.82,13.82
137,-9.16,166.11,-13.89,13.89
138,-9.58,166.05,-13.95,13.95
139,-9.34,165.98,-14.02,14.02
140,-9.16,165.92,-14.08,14.08
141,-8.79,165.86,-14.14,14.14
142,-7.87,165.79,-14.21,14.21
143,-6.84,165.72,-14.28,14.28
144,-6.35,165.65,-14.35,14.35
145,-5.86,165.58,-14.42,14.42
146,-5.55,165.5,-14.5,14.5
147,-5.68,165.42,-14.58,14.58
148,-6.41,165.34,-14.66,14.66
149,-6.35,165.28,-14.72,14.72
150,-6.41,165.21,-14.79,14.79
151,-6.9,165.12,-14.88,14.88
152,-7.45,165.03,-14.97,14.97
153,-7.51,164.93,-15.07,15.07
154,-7.2,164.83,-15.17,15.17
155,-6.77,164.73,-15.27,15.27
156,-6.77,164.61,-15.39,15.39
157,-6.47,164.5,-15.5,15.5
158,-6.41,164.37,-15.63,15.63
159,-5.62,164.24,-15.76,15.76
160,-5.49,164.12,-15.88,15.88
161,-5.31,163.98,-16.02,16.02
162,-4.82,163.85,-16.15,16.15
163,-4.15,163.71,-16.29,16.29
164,-3.66,163.58,-16.42,16.42
165,-2.87,163.44,-16.56,16.56
166,-2.2,163.3,-16.7,16.7
167,-1.65,163.16,-16.84,16.84
168,-1.04,163.01,-16.99,16.99
169,-0.37,162.88,-17.12,17.12
170,0,162.74,-17.26,17.26
171,0.18,162.6,-17.4,17.4
172,0.67,162.48,-17.52,17.52
173,1.1,162.35,-17.65,17.65
174,1.46,162.23,-17.77,17.77
175,2.14,162.12,-17.88,17.88
176,2.69,162.01,-17.99,17.99
177,3.23,161.9,-18.1,18.1
178,4.03,161.81,-18.19,18.19
179,4.64,161.72,-18.28,18.28
180,4.88,161.63,-18.37,18.37
181,5.07,161.56,-18.44,18.44
182,5.31,161.49,-18.51,18.51
183,5.43,161.43,-18.57,18.57
184,5,161.4,-18.6,18.6
185,4.94,161.33,-18.67,18.67
186,5.49,161.3,-18.7,18.7
187,5.68,161.26,-18.74,18.74
188,6.35,161.22,-18.78,18.78
189,6.77,161.19,-18.81,18.81
190,7.14,161.16,-18.84,18.84
191,7.93,161.13,-18.87,18.87
192,8.18,161.11,-18.89,18.89
193,8.85,161.09,-18.91,18.91
194,9.09,161.08,-18.92,18.92
195,9.46,161.07,-18.93,18.93
196,9.7,161.06,-18.94,18.94
197,9.77,161.05,-18.95,18.95
198,9.7,161.05,-18.95,18.95
199,10.25,161.04,-18.96,18.96
200,10.62,161.05,-18.95,18.95
201,10.93,161.06,-18.94,18.94
202,10.99,161.07,-18.93,18.93
203,11.29,161.08,-18.92,18.92
204,11.9,161.09,-18.91,18.91
205,12.33,161.11,-18.89,18.89
206,13.18,161.13,-18.87,18.87
207,13.73,161.16,-18.84,18.84
208,14.65,161.18,-18.82,18.82
209,15.01,161.21,-18.79,18.79
210,15.75,161.24,-18.76,18.76
211,16.36,161.27,-18.73,18.73
212,16.54,161.31,-18.69,18.69
213,16.91,161.35,-18.65,18.65
214,17.21,161.38,-18.62,18.62
215,17.52,161.42,-18.58,18.58
216,17.52,161.46,-18.54,18.54
217,17.64,161.51,-18.49,18.49
218,17.7,161.56,-18.44,18.44
219,18.13,161.6,-18.4,18.4
220,18.37,161.65,-18.35,18.35
221,18.8,161.7,-18.3,18.3
222,19.1,161.76,-18.24,18.24
223,20.14,161.81,-18.19,18.19
224,20.45,161.87,-18.13,18.13
225,21.42,161.93,-18.07,18.07
226,22.09,162,-18,18
227,22.89,162.06,-17.94,17.94
228,23.44,162.13,-17.87,17.87
229,24.17,162.2,-17.8,17.8
230,24.66,162.27,-17.73,17.73
231,25.27,162.35,-17.65,17.65
232,25.7,162.42,-17.58,17.58
233,25.82,162.5,-17.5,17.5
234,26.25,162.58,-17.42,17.42
235,26.49,162.66,-17.34,17.34
236,26.61,162.75,-17.25,17.25
237,26.37,162.83,-17.17,17.17
238,26.31,162.92,-17.08,17.08
239,26.43,163.01,-16.99,16.99
240,26.43,163.11,-16.89,16.89
241,26.67,163.22,-16.78,16.78
242,26.61,163.34,-16.66,16.66
243,26.67,163.45,-16.55,16.55
244,26.49,163.57,-16.43,16.43
245,26.79,163.69,-16.31,16.31
246,27.04,163.81,-16.19,16.19
247,27.28,163.94,-16.06,16.06
248,27.22,164.07,-15.93,15.93
249,26.98,164.2,-15.8,15.8
250,27.47,164.34,-15.66,15.66
251,27.53,164.48,-15.52,15.52
252,27.77,164.63,-15.37,15.37
253,27.77,164.79,-15.21,15.21
254,26.55,164.92,-15.08,15.08
255,26.43,165.08,-14.92,14.92
256,26.37,165.24,-14.76,14.76
257,26.49,165.4,-14.6,14.6
258,25.39,165.55,-14.45,14.45
259,25.39,165.72,-14.28,14.28
260,24.84,165.86,-14.14,14.14
261,25.33,166.05,-13.95,13.95
262,25.27,166.21,-13.79,13.79
263,26.25,166.37,-13.63,13.63
264,26.55,166.54,-13.46,13.46
265,27.4,166.72,-13.28,13.28
266,27.95,166.9,-13.1,13.1
267,28.5,167.07,-12.93,12.93
268,28.81,167.25,-12.75,12.75
269,28.38,167.41,-12.59,12.59
270,28.75,167.59,-12.41,12.41
271,28.32,167.76,-12.24,12.24
272,27.89,167.93,-12.07,12.07
273,27.22,168.1,-11.9,11.9
274,26.98,168.27,-11.73,11.73
275,26.31,168.44,-11.56,11.56
276,25.57,168.6,-11.4,11.4
277,24.78,168.77,-11.23,11.23
278,24.9,168.93,-11.07,11.07
279,24.48,169.1,-10.9,10.9
280,23.99,169.24,-10.76,10.76
281,23.74,169.38,-10.62,10.62
282,23.68,169.54,-10.46,10.46
283,23.8,169.68,-10.32,10.32
284,23.56,169.82,-10.18,10.18
285,23.5,169.96,-10.04,10.04
286,23.19,170.09,-9.91,9.91
287,23.13,170.22,-9.78,9.78
288,22.89,170.33,-9.67,9.67
289,22.58,170.43,-9.57,9.57
290,22.34,170.53,-9.47,9.47
291,22.03,170.62,-9.38,9.38
292,21.67,170.7,-9.3,9.3
293,21.18,170.78,-9.22,9.22
294,20.75,170.85,-9.15,9.15
295,20.57,170.92,-9.08,9.08
296,20.51,170.97,-9.03,9.03
297,20.45,171.02,-8.98,8.98
298,20.75,171.06,-8.94,8.94
299,21.18,171.09,-8.91,8.91
300,21.48,171.12,-8.88,8.88
301,21.67,171.14,-8.86,8.86
302,21.85,171.15,-8.85,8.85
303,21.67,171.14,-8.86,8.86
304,21.61,171.14,-8.86,8.86
305,21.61,171.13,-8.87,8.87
306,21.24,171.12,-8.88,8.88
307,21.18,171.09,-8.91,8.91
308,20.75,171.07,-8.93,8.93
309,20.2,171.04,-8.96,8.96
310,20.02,171.01,-8.99,8.99
311,19.35,170.97,-9.03,9.03
312,19.17,170.93,-9.07,9.07
313,18.86,170.89,-9.11,9.11
314,18.68,170.84,-9.16,9.16
315,18.62,170.8,-9.2,9.2
316,18.68,170.75,-9.25,9.25
317,18.55,170.7,-9.3,9.3
318,18.43,170.65,-9.35,9.35
319,18.43,170.6,-9.4,9.4
320,18.31,170.54,-9.46,9.46
321,18.62,170.49,-9.51,9.51
322,18.62,170.44,-9.56,9.56
323,18.8,170.39,-9.61,9.61
324,18.62,170.35,-9.65,9.65
325,18.31,170.3,-9.7,9.7
326,18.13,170.25,-9.75,9.75
327,17.76,170.19,-9.81,9.81
328,17.46,170.15,-9.85,9.85
329,16.85,170.1,-9.9,9.9
330,16.66,170.04,-9.96,9.96
331,16.48,169.99,-10.01,10.01
332,16.17,169.94,-10.06,10.06
333,16.36,169.89,-10.11,10.11
334,16.48,169.83,-10.17,10.17
335,16.6,169.78,-10.22,10.22
336,16.78,169.72,-10.28,10.28
337,16.72,169.66,-10.34,10.34
338,16.6,169.6,-10.4,10.4
339,16.72,169.54,-10.46,10.46
340,16.91,169.48,-10.52,10.52
341,16.48,169.42,-10.58,10.58
342,16.36,169.36,-10.64,10.64
343,16.24,169.3,-10.7,10.7
344,16.11,169.25,-10.75,10.75
345,16.3,169.19,-10.81,10.81
346,16.17,169.13,-10.87,10.87
347,16.3,169.07,-10.93,10.93
348,16.24,169,-11,11
349,16.6,168.93,-11.07,11.07
350,17.03,168.85,-11.15,11.15
351,16.85,168.76,-11.24,11.24
352,16.97,168.66,-11.34,11.34
353,16.72,168.56,-11.44,11.44
354,16.48,168.46,-11.54,11.54
355,16.05,168.35,-11.65,11.65
356,15.44,168.24,-11.76,11.76
357,15.08,168.13,-11.87,11.87
358,14.65,168.01,-11.99,11.99
359,14.22,167.89,-12.11,12.11
360,13.61,167.76,-12.24,12.24
361,13.49,167.63,-12.37,12.37
362,12.7,167.49,-12.51,12.51
363,12.39,167.35,-12.65,12.65
364,11.96,167.19,-12.81,12.81
365,11.72,167.03,-12.97,12.97
366,11.17,166.87,-13.13,13.13
367,10.99,166.69,-13.31,13.31
368,10.86,166.52,-13.48,13.48
369,10.31,166.33,-13.67,13.67
370,10.01,166.15,-13.85,13.85
371,9.52,165.96,-14.04,14.04
372,9.22,165.76,-14.24,14.24
373,8.42,165.56,-14.44,14.44
374,8.12,165.36,-14.64,14.64
375,7.51,165.15,-14.85,14.85
376,6.96,164.94,-15.06,15.06
377,6.53,164.74,-15.26,15.26
378,5.98,164.52,-15.48,15.48
379,5.8,164.3,-15.7,15.7
380,5.25,164.08,-15.92,15.92
381,4.88,163.86,-16.14,16.14
382,4.52,163.63,-16.37,16.37
383,4.03,163.39,-16.61,16.61
384,3.78,163.16,-16.84,16.84
385,3.23,162.91,-17.09,17.09
386,2.56,162.67,-17.33,17.33
387,2.08,162.42,-17.58,17.58
388,1.65,162.17,-17.83,17.83
389,1.34,161.91,-18.09,18.09
390,0.61,161.65,-18.35,18.35
391,0.37,161.39,-18.61,18.61
392,-0.31,161.13,-18.87,18.87
393,-0.67,160.87,-19.13,19.13
394,-1.1,160.6,-19.4,19.4
395,-1.34,160.33,-19.67,19.67
396,-1.59,160.04,-19.96,19.96
397,-1.46,159.75,-20.25,20.25
398,-1.34,159.46,-20.54,20.54
399,-1.59,159.15,-20.85,20.85
400,-1.83,158.85,-21.15,21.15
401,-2.32,158.55,-21.45,21.45
402,-2.93,158.25,-21.75,21.75
403,-4.21,157.94,-22.06,22.06
404,-5.13,157.64,-22.36,22.36
405,-6.04,157.34,-22.66,22.66
406,-7.02,157.03,-22.97,22.97
407,-8.06,156.72,-23.28,23.28
408,-9.28,156.4,-23.6,23.6
409,-10.01,156.09,-23.91,23.91
410,-11.05,155.78,-24.22,24.22
411,-11.84,155.47,-24.53,24.53
412,-12.45,155.15,-24.85,24.85
413,-13.18,154.84,-25.16,25.16
414,-14.04,154.52,-25.48,25.48
415,-14.89,154.22,-25.78,25.78
416,-15.56,153.91,-26.09,26.09
417,-16.72,153.61,-26.39,26.39
418,-17.46,153.31,-26.69,26.69
419,-18.49,153.01,-26.99,26.99
420,-19.65,152.71,-27.29,27.29
421,-20.57,152.42,-27.58,27.58
422,-21.42,152.14,-27.86,27.86
423,-21.97,151.85,-28.15,28.15
424,-22.58,151.58,-28.42,28.42
425,-23.25,151.31,-28.69,28.69
426,-23.8,151.05,-28.95,28.95
427,-24.17,150.79,-29.21,29.21
428,-24.6,150.54,-29.46,29.46
429,-24.66,150.3,-29.7,29.7
430,-25.15,150.07,-29.93,29.93
431,-25.21,149.84,-30.16,30.16
432,-25.63,149.63,-30.37,30.37
433,-26,149.42,-30.58,30.58
434,-26.49,149.21,-30.79,30.79
435,-26.92,149.01,-30.99,30.99
436,-26.92,148.82,-31.18,31.18
437,-27.65,148.63,-31.37,31.37
438,-28.08,148.45,-31.55,31.55
439,-28.75,148.28,-31.72,31.72
440,-29.54,148.11,-31.89,31.89
441,-29.97,147.95,-32.05,32.05
442,-30.64,147.8,-32.2,32.2
443,-31.37,147.65,-32.35,32.35
444,-31.98,147.5,-32.5,32.5
445,-32.41,147.37,-32.63,32.63
446,-33.26,147.23,-32.77,32.77
447,-33.87,147.11,-32.89,32.89
448,-34.79,146.99,-33.01,33.01
449,-35.52,146.88,-33.12,33.12
450,-36.25,146.78,-33.22,33.22
451,-37.05,146.69,-33.31,33.31
452,-37.23,146.6,-33.4,33.4
453,-37.84,146.52,-33.48,33.48
454,-38.27,146.46,-33.54,33.54
455,-38.76,146.41,-33.59,33.59
456,-39.06,146.37,-33.63,33.63
457,-39.25,146.33,-33.67,33.67
458,-40.41,146.29,-33.71,33.71
459,-41.02,146.28,-33.72,33.72
460,-41.69,146.28,-33.72,33.72
461,-42.3,146.29,-33.71,33.71
462,-42.72,146.31,-33.69,33.69
463,-43.52,146.34,-33.66,33.66
464,-44.37,146.39,-33.61,33.61
465,-44.74,146.45,-33.55,33.55
466,-45.1,146.54,-33.46,33.46
467,-44.62,146.66,-33.34,33.34
468,-44.56,146.71,-33.29,33.29
469,-44.62,146.93,-33.07,33.07
470,-43.88,147.02,-32.98,32.98
471,-43.33,147.17,-32.83,32.83
472,-42.85,147.33,-32.67,32.67
473,-42.6,147.48,-32.52,32.52
474,-42.66,147.7,-32.3,32.3
475,-42.72,147.84,-32.16,32.16
476,-41.93,148.09,-31.91,31.91
477,-41.5,148.22,-31.78,31.78
478,-41.32,148.43,-31.57,31.57
479,-40.95,148.68,-31.32,31.32
480,-39.79,148.91,-31.09,31.09
481,-38.88,149.25,-30.75,30.75
482,-37.48,149.49,-30.51,30.51
483,-36.32,149.85,-30.15,30.15
484,-35.64,150.17,-29.83,29.83
485,-34.55,150.52,-29.48,29.48
486,-33.14,150.9,-29.1,29.1
487,-32.04,151.28,-28.72,28.72
488,-30.58,151.69,-28.31,28.31
489,-29.85,152.09,-27.91,27.91
490,-28.87,152.52,-27.48,27.48
491,-27.77,152.95,-27.05,27.05
492,-26.06,153.41,-26.59,26.59
493,-24.29,153.87,-26.13,26.13
494,-23.07,154.35,-25.65,25.65
495,-21.36,154.85,-25.15,25.15
496,-19.41,155.36,-24.64,24.64
497,-17.82,155.88,-24.12,24.12
498,-16.11,156.41,-23.59,23.59
499,-14.65,156.95,-23.05,23.05
500,-13.24,157.5,-22.5,22.5
501,-12.33,158.07,-21.93,21.93
502,-11.05,158.63,-21.37,21.37
503,-10.07,159.2,-20.8,20.8
504,-9.22,159.78,-20.22,20.22
505,-8.12,160.38,-19.62,19.62
506,-6.96,160.98,-19.02,19.02
507,-5.92,161.59,-18.41,18.41
508,-5.25,162.22,-17.78,17.78
509,-4.46,162.85,-17.15,17.15
510,-3.66,163.5,-16.5,16.5
511,-2.75,164.14,-15.86,15.86
512,-2.2,164.8,-15.2,15.2
513,-0.98,165.47,-14.53,14.53
514,-0.31,166.15,-13.85,13.85
515,0.06,166.81,-13.19,13.19
516,0.79,167.48,-12.52,12.52
517,1.22,168.14,-11.86,11.86
518,2.01,168.81,-11.19,11.19
519,2.14,169.49,-10.51,10.51
520,2.99,170.17,-9.83,9.83
521,3.85,170.85,-9.15,9.15
522,4.27,171.52,-8.48,8.48
523,4.7,172.21,-7.79,7.79
524,5.86,172.91,-7.09,7.09
525,6.29,173.6,-6.4,6.4
526,7.02,174.28,-5.72,5.72
527,7.57,174.97,-5.03,5.03
528,8.3,175.65,-4.35,4.35
529,8.61,176.33,-3.67,3.67
530,9.16,177,-3,3
531,9.89,177.67,-2.33,2.33
532,10.13,178.33,-1.67,1.67
533,10.62,178.97,-1.03,1.03
534,11.41,179.61,-0.39,0.39
535,11.96,180.25,0.25,-0.25
536,12.82,180.85,0.85,-0.85
537,13.73,181.44,1.44,-1.44
538,15.08,182.06,2.06,-2.06
539,16.05,182.64,2.64,-2.64
540,17.09,183.17,3.17,-3.17
541,18.25,183.69,3.69,-3.69
542,19.53,184.2,4.2,-4.2
543,20.14,184.7,4.7,-4.7
544,21,185.21,5.21,-5.21
545,21.42,185.68,5.68,-5.68
546,22.34,186.15,6.15,-6.15
547,23.07,186.61,6.61,-6.61
548,23.62,187.08,7.08,-7.08
549,24.84,187.52,7.52,-7.52
550,25.7,187.98,7.98,-7.98
551,26.73,188.42,8.42,-8.42
552,27.83,188.86,8.86,-8.86
553,29.3,189.31,9.31,-9.31
554,30.21,189.74,9.74,-9.74
555,31.49,190.19,10.19,-10.19
556,32.84,190.63,10.63,-10.63
557,34,191.06,11.06,-11.06
558,35.34,191.44,11.44,-11.44
559,36.01,191.83,11.83,-11.83
560,37.11,192.27,12.27,-12.27
561,37.84,192.66,12.66,-12.66
562,38.88,192.98,12.98,-12.98
563,38.7,193.39,13.39,-13.39
564,39.12,193.82,13.82,-13.82
565,39.98,194.17,14.17,-14.17
566,41.26,194.49,14.49,-14.49
567,41.81,194.85,14.85,-14.85
568,42.54,195.21,15.21,-15.21
569,43.33,195.55,15.55,-15.55
570,44.37,195.87,15.87,-15.87
571,45.47,196.2,16.2,-16.2
572,46.14,196.5,16.5,-16.5
573,46.75,196.78,16.78,-16.78
574,47.06,197.07,17.07,-17.07
575,47.85,197.36,17.36,-17.36
576,48.03,197.59,17.59,-17.59
577,49.44,197.91,17.91,-17.91
578,49.19,198.16,18.16,-18.16
579,49.13,198.39,18.39,-18.39
580,49.74,198.6,18.6,-18.6
581,49.99,198.82,18.82,-18.82
582,49.26,199.02,19.02,-19.02
583,48.58,199.21,19.21,-19.21
584,48.28,199.38,19.38,-19.38
585,48.22,199.55,19.55,-19.55
586,47.61,199.74,19.74,-19.74
587,47.61,199.87,19.87,-19.87
588,47.55,200.01,20.01,-20.01
589,47.55,200.15,20.15,-20.15
590,47.06,200.28,20.28,-20.28
591,46.88,200.42,20.42,-20.42
592,46.57,200.53,20.53,-20.53
593,46.02,200.64,20.64,-20.64
594,45.41,200.73,20.73,-20.73
595,44.62,200.81,20.81,-20.81
596,43.95,200.88,20.88,-20.88
597,43.76,200.93,20.93,-20.93
598,43.46,200.97,20.97,-20.97
599,43.46,201,21,-21
600,42.91,201.03,21.03,-21.03
601,42.66,201.02,21.02,-21.02
602,42.42,201.01,21.01,-21.01
603,42.11,201.03,21.03,-21.03
604,41.44,201.04,21.04,-21.04
605,41.14,201.03,21.03,-21.03
606,40.53,201,21,-21
607,40.65,200.97,20.97,-20.97
608,40.83,200.93,20.93,-20.93
609,40.83,200.87,20.87,-20.87
610,41.38,200.8,20.8,-20.8
611,41.5,200.72,20.72,-20.72
612,41.69,200.63,20.63,-20.63
613,41.75,200.51,20.51,-20.51
614,41.08,200.39,20.39,-20.39
615,41.02,200.24,20.24,-20.24
616,39.79,200.13,20.13,-20.13
617,39.18,200,20,-20
618,38.45,199.87,19.87,-19.87
619,37.35,199.72,19.72,-19.72
620,36.56,199.57,19.57,-19.57
621,35.71,199.41,19.41,-19.41
622,35.28,199.23,19.23,-19.23
623,34.42,199.05,19.05,-19.05
624,33.63,198.86,18.86,-18.86
625,33.2,198.67,18.67,-18.67
626,32.35,198.45,18.45,-18.45
627,31.68,198.23,18.23,-18.23
628,31.07,198,18,-18
629,30.7,197.77,17.77,-17.77
630,30.52,197.55,17.55,-17.55
631,30.58,197.33,17.33,-17.33
632,30.76,197.1,17.1,-17.1
633,30.88,196.86,16.86,-16.86
634,30.82,196.63,16.63,-16.63
635,30.82,196.39,16.39,-16.39
636,30.82,196.15,16.15,-16.15
637,30.4,195.91,15.91,-15.91
638,29.6,195.66,15.66,-15.66
639,28.2,195.39,15.39,-15.39
640,26.86,195.13,15.13,-15.13
641,25.57,194.89,14.89,-14.89
642,24.23,194.66,14.66,-14.66
643,22.89,194.4,14.4,-14.4
644,21.24,194.1,14.1,-14.1
645,19.96,193.83,13.83,-13.83
646,18.62,193.57,13.57,-13.57
647,17.46,193.3,13.3,-13.3
648,15.87,193.03,13.03,-13.03
649,14.28,192.73,12.73,-12.73
650,12.94,192.43,12.43,-12.43
651,11.23,192.14,12.14,-12.14
652,9.34,191.85,11.85,-11.85
653,7.63,191.55,11.55,-11.55
654,5.92,191.29,11.29,-11.29
655,4.33,190.97,10.97,-10.97
656,2.75,190.63,10.63,-10.63
657,1.28,190.29,10.29,-10.29
658,0.12,189.94,9.94,-9.94
659,-1.28,189.59,9.59,-9.59
660,-1.95,189.23,9.23,-9.23
661,-2.93,188.85,8.85,-8.85
662,-3.78,188.45,8.45,-8.45
663,-4.46,188.05,8.05,-8.05
664,-4.88,187.64,7.64,-7.64
665,-5.92,187.22,7.22,-7.22
666,-6.29,186.77,6.77,-6.77
667,-6.77,186.29,6.29,-6.29
668,-7.2,185.81,5.81,-5.81
669,-7.26,185.31,5.31,-5.31
670,-7.32,184.82,4.82,-4.82
671,-7.32,184.34,4.34,-4.34
672,-7.26,183.83,3.83,-3.83
673,-7.45,183.33,3.33,-3.33
674,-8.06,182.83,2.83,-2.83
675,-8.61,182.34,2.34,-2.34
676,-9.64,181.85,1.85,-1.85
677,-10.56,181.36,1.36,-1.36
678,-11.96,180.84,0.84,-0.84
679,-13.18,180.29,0.29,-0.29
680,-14.04,179.74,-0.26,0.26
681,-15.44,179.18,-0.82,0.82
682,-15.87,178.63,-1.37,1.37
683,-16.48,178.06,-1.94,1.94
684,-17.03,177.49,-2.51,2.51
685,-17.76,176.93,-3.07,3.07
686,-18.31,176.36,-3.64,3.64
687,-19.59,175.8,-4.2,4.2
688,-20.45,175.23,-4.77,4.77
689,-21.67,174.65,-5.35,5.35
690,-23.07,174.09,-5.91,5.91
691,-24.17,173.53,-6.47,6.47
692,-25.33,172.93,-7.07,7.07
693,-26.73,172.36,-7.64,7.64
694,-28.32,171.78,-8.22,8.22
695,-29.85,171.22,-8.78,8.78
696,-31.19,170.64,-9.36,9.36
697,-32.35,170.08,-9.92,9.92
698,-34.3,169.52,-10.48,10.48
699,-36.01,168.95,-11.05,11.05
700,-37.78,168.36,-11.64,11.64
701,-39.61,167.8,-12.2,12.2
702,-41.56,167.24,-12.76,12.76
703,-43.09,166.69,-13.31,13.31
704,-44.07,166.08,-13.92,13.92
705,-44.86,165.5,-14.5,14.5
706,-45.53,164.92,-15.08,15.08
707,-46.02,164.34,-15.66,15.66
708,-46.39,163.78,-16.22,16.22
709,-47,163.22,-16.78,16.78
710,-47.55,162.72,-17.28,17.28
711,-48.34,162.15,-17.85,17.85
712,-49.44,161.62,-18.38,18.38
713,-50.48,161.08,-18.92,18.92
714,-51.64,160.56,-19.44,19.44
715,-52.43,160.05,-19.95,19.95
716,-53.16,159.55,-20.45,20.45
717,-54.02,158.97,-21.03,21.03
718,-54.44,158.39,-21.61,21.61
719,-54.57,157.82,-22.18,22.18
720,-54.99,157.32,-22.68,22.68
721,-55.11,156.79,-23.21,23.21
722,-55.11,156.25,-23.75,23.75
723,-55.18,155.76,-24.24,24.24
724,-55.54,155.28,-24.72,24.72
725,-55.48,154.86,-25.14,25.14
726,-55.85,154.42,-25.58,25.58
727,-56.21,153.97,-26.03,26.03
728,-56.21,153.57,-26.43,26.43
729,-56.34,153.31,-26.69,26.69
730,-56.03,152.91,-27.09,27.09
731,-55.66,152.63,-27.37,27.37
732,-54.99,152.31,-27.69,27.69
733,-53.71,152.05,-27.95,27.95
734,-52.61,152.14,-27.86,27.86
735,-51.15,151.85,-28.15,28.15
736,-49.8,151.96,-28.04,28.04
737,-48.58,151.69,-28.31,28.31
738,-48.28,151.83,-28.17,28.17
739,-46.94,151.56,-28.44,28.44
740,-46.94,151.46,-28.54,28.54
741,-46.33,151.22,-28.78,28.78
742,-45.47,151.3,-28.7,28.7
743,-44.25,151.26,-28.74,28.74
744,-43.27,151.27,-28.73,28.73
745,-43.4,151.36,-28.64,28.64
746,-43.46,151.14,-28.86,28.86
747,-42.05,151.3,-28.7,28.7
748,-40.04,151.22,-28.78,28.78
749,-39.18,151.12,-28.88,28.88
750,-38.76,151.34,-28.66,28.66
751,-38.21,151.25,-28.75,28.75
752,-37.05,151.41,-28.59,28.59
753,-36.07,151.59,-28.41,28.41
754,-35.16,151.67,-28.33,28.33
755,-34.18,151.89,-28.11,28.11
756,-32.96,152.06,-27.94,27.94
757,-31.92,152.25,-27.75,27.75
758,-31.07,152.5,-27.5,27.5
759,-30.64,152.69,-27.31,27.31
760,-30.03,152.95,-27.05,27.05
761,-29.97,153.2,-26.8,26.8
762,-29.66,153.49,-26.51,26.51
763,-29.54,153.81,-26.19,26.19
764,-29.6,154.19,-25.81,25.81
765,-29.97,154.56,-25.44,25.44
766,-29.91,154.98,-25.02,25.02
767,-29.85,155.4,-24.6,24.6
768,-30.03,155.85,-24.15,24.15
769,-30.15,156.29,-23.71,23.71
770,-29.97,156.79,-23.21,23.21
771,-29.79,157.31,-22.69,22.69
772,-29.05,157.85,-22.15,22.15
773,-28.63,158.39,-21.61,21.61
774,-28.38,158.96,-21.04,21.04
775,-27.71,159.56,-20.44,20.44
776,-27.1,160.14,-19.86,19.86
777,-26.67,160.74,-19.26,19.26
778,-25.88,161.35,-18.65,18.65
779,-25.7,161.96,-18.04,18.04
780,-26.12,162.56,-17.44,17.44
781,-24.72,163.16,-16.84,16.84
782,-22.58,163.79,-16.21,16.21
783,-22.09,164.44,-15.56,15.56
784,-21.73,165.1,-14.9,14.9
785,-20.69,165.75,-14.25,14.25
786,-18.74,166.41,-13.59,13.59
787,-18.25,167.09,-12.91,12.91
788,-16.78,167.74,-12.26,12.26
789,-15.87,168.4,-11.6,11.6
790,-14.95,169.06,-10.94,10.94
791,-14.1,169.73,-10.27,10.27
792,-13.67,170.4,-9.6,9.6
793,-12.82,171.02,-8.98,8.98
794,-12.57,171.67,-8.33,8.33
795,-12.15,172.29,-7.71,7.71
796,-11.78,172.92,-7.08,7.08
797,-11.35,173.54,-6.46,6.46
798,-10.86,174.15,-5.85,5.85
799,-10.38,174.77,-5.23,5.23
800,-9.58,175.36,-4.64,4.64
801,-8.91,175.96,-4.04,4.04
802,-8,176.56,-3.44,3.44
803,-7.14,177.14,-2.86,2.86
804,-5.74,177.74,-2.26,2.26
805,-4.7,178.25,-1.75,1.75
806,-3.3,178.75,-1.25,1.25
807,-1.65,179.26,-0.74,0.74
808,-0.61,179.74,-0.26,0.26
809,0.92,180.22,0.22,-0.22
810,2.2,180.69,0.69,-0.69
811,3.05,181.15,1.15,-1.15
812,4.03,181.62,1.62,-1.62
813,4.39,182.06,2.06,-2.06
814,5.25,182.51,2.51,-2.51
815,5.55,182.96,2.96,-2.96
816,5.98,183.4,3.4,-3.4
817,6.04,183.86,3.86,-3.86
818,5.86,184.26,4.26,-4.26
819,5.92,184.66,4.66,-4.66
820,5.74,185.06,5.06,-5.06
821,5.55,185.43,5.43,-5.43
822,5.49,185.81,5.81,-5.81
823,5.62,186.18,6.18,-6.18
824,5.86,186.54,6.54,-6.54
825,6.47,186.9,6.9,-6.9
826,7.26,187.24,7.24,-7.24
827,8.24,187.58,7.58,-7.58
828,9.22,187.92,7.92,-7.92
829,10.5,188.26,8.26,-8.26
830,11.84,188.6,8.6,-8.6
831,12.82,188.92,8.92,-8.92
832,13.92,189.24,9.24,-9.24
833,15.01,189.56,9.56,-9.56
834,16.24,189.87,9.87,-9.87
835,17.46,190.13,10.13,-10.13
836,18.37,190.4,10.4,-10.4
837,19.47,190.81,10.81,-10.81
838,19.65,191.26,11.26,-11.26
839,20.63,191.52,11.52,-11.52
840,21.3,191.81,11.81,-11.81
841,21.91,192.16,12.16,-12.16
842,22.52,192.51,12.51,-12.51
843,23.5,192.86,12.86,-12.86
844,24.66,193.22,13.22,-13.22
845,25.76,193.59,13.59,-13.59
846,26.98,193.94,13.94,-13.94
847,28.32,194.27,14.27,-14.27
848,28.99,194.63,14.63,-14.63
849,29.17,194.97,14.97,-14.97
850,29.97,195.31,15.31,-15.31
851,30.09,195.64,15.64,-15.64
852,29.97,196,16,-16
853,30.21,196.33,16.33,-16.33
854,30.52,196.67,16.67,-16.67
855,30.82,197.01,17.01,-17.01
856,31.31,197.43,17.43,-17.43
857,32.53,197.82,17.82,-17.82
858,33.33,198.21,18.21,-18.21
859,34.18,198.58,18.58,-18.58
860,34.61,198.93,18.93,-18.93
861,35.34,199.31,19.31,-19.31
862,36.8,199.62,19.62,-19.62
863,38.09,200.02,20.02,-20.02
864,38.57,200.36,20.36,-20.36
865,39.67,200.7,20.7,-20.7
866,40.41,201.03,21.03,-21.03
867,41.56,201.41,21.41,-21.41
868,42.79,201.8,21.8,-21.8
869,43.7,202.18,22.18,-22.18
870,45.23,202.59,22.59,-22.59
871,46.39,202.96,22.96,-22.96
872,47.61,203.28,23.28,-23.28
873,49.01,203.62,23.62,-23.62
874,50.05,203.93,23.93,-23.93
875,50.96,204.21,24.21,-24.21
876,51.88,204.5,24.5,-24.5
877,52.12,204.78,24.78,-24.78
878,52.43,205.05,25.05,-25.05
879,52.37,205.27,25.27,-25.27
880,52.31,205.48,25.48,-25.48
881,52.49,205.75,25.75,-25.75
882,52.25,206,26,-26
883,52,206.23,26.23,-26.23
884,52.06,206.45,26.45,-26.45
885,51.94,206.67,26.67,-26.67
886,51.88,206.87,26.87,-26.87
887,51.7,207.05,27.05,-27.05
888,51.27,207.23,27.23,-27.23
889,50.54,207.37,27.37,-27.37
890,50.96,207.53,27.53,-27.53
891,49.5,207.72,27.72,-27.72
892,47.85,207.76,27.76,-27.76
893,47.97,207.93,27.93,-27.93
894,46.75,208.11,28.11,-28.11
895,45.29,208.27,28.27,-28.27
896,43.76,208.38,28.38,-28.38
897,42.48,208.5,28.5,-28.5
898,41.26,208.62,28.62,-28.62
899,40.34,208.76,28.76,-28.76
900,39.61,208.87,28.87,-28.87
901,39.12,208.94,28.94,-28.94
902,39.18,209.01,29.01,-29.01
903,39.31,209.11,29.11,-29.11
904,40.16,209.2,29.2,-29.2
905,40.83,209.27,29.27,-29.27
906,41.87,209.42,29.42,-29.42
907,43.03,209.53,29.53,-29.53
908,43.88,209.64,29.64,-29.64
909,44.68,209.74,29.74,-29.74
910,45.65,209.82,29.82,-29.82
911,46.08,209.88,29.88,-29.88
912,46.26,209.93,29.93,-29.93
913,46.63,209.97,29.97,-29.97
914,46.39,210.02,30.02,-30.02
915,46.14,210.05,30.05,-30.05
916,46.2,210.04,30.04,-30.04
917,46.2,210.05,30.05,-30.05
918,46.08,210.04,30.04,-30.04
919,45.59,210.05,30.05,-30.05
920,44.98,210.05,30.05,-30.05
921,44.8,210.06,30.06,-30.06
922,43.88,210.01,30.01,-30.01
923,43.03,210.01,30.01,-30.01
924,42.3,209.96,29.96,-29.96
925,41.38,209.93,29.93,-29.93
926,41.02,209.85,29.85,-29.85
927,40.65,209.78,29.78,-29.78
928,39.98,209.73,29.73,-29.73
929,39.73,209.64,29.64,-29.64
930,39.79,209.56,29.56,-29.56
931,39.49,209.46,29.46,-29.46
932,39.61,209.37,29.37,-29.37
933,39.18,209.27,29.27,-29.27
934,39.18,209.17,29.17,-29.17
935,39.31,209.03,29.03,-29.03
936,39.25,208.88,28.88,-28.88
937,38.82,208.71,28.71,-28.71
938,38.45,208.52,28.52,-28.52
939,38.21,208.32,28.32,-28.32
940,37.84,208.08,28.08,-28.08
941,37.11,207.83,27.83,-27.83
942,36.32,207.57,27.57,-27.57
943,35.4,207.3,27.3,-27.3
944,34.42,207.02,27.02,-27.02
945,33.45,206.73,26.73,-26.73
946,32.1,206.42,26.42,-26.42
947,30.82,206.1,26.1,-26.1
948,29.85,205.75,25.75,-25.75
949,28.02,205.38,25.38,-25.38
950,26.73,205.01,25.01,-25.01
951,25.09,204.63,24.63,-24.63
952,24.05,204.24,24.24,-24.24
953,22.58,203.83,23.83,-23.83
954,20.75,203.4,23.4,-23.4
955,19.53,202.95,22.95,-22.95
956,18.37,202.5,22.5,-22.5
957,17.4,202.04,22.04,-22.04
958,15.81,201.58,21.58,-21.58
959,14.71,201.11,21.11,-21.11
960,13.61,200.63,20.63,-20.63
961,12.7,200.14,20.14,-20.14
962,11.23,199.65,19.65,-19.65
963,9.83,199.14,19.14,-19.14
964,8.36,198.64,18.64,-18.64
965,7.02,198.14,18.14,-18.14
966,5.86,197.64,17.64,-17.64
967,4.27,197.14,17.14,-17.14
968,2.69,196.64,16.64,-16.64
969,1.28,196.13,16.13,-16.13
970,-0.12,195.63,15.63,-15.63
971,-1.71,195.13,15.13,-15.13
972,-3.91,194.63,14.63,-14.63
973,-5.55,194.14,14.14,-14.14
974,-7.2,193.64,13.64,-13.64
975,-9.09,193.14,13.14,-13.14
976,-11.11,192.65,12.65,-12.65
977,-12.88,192.16,12.16,-12.16
978,-14.53,191.67,11.67,-11.67
979,-15.99,191.19,11.19,-11.19
980,-17.27,190.7,10.7,-10.7
981,-18.74,190.22,10.22,-10.22
982,-19.65,189.72,9.72,-9.72
983,-20.69,189.23,9.23,-9.23
984,-21.79,188.74,8.74,-8.74
985,-23.01,188.24,8.24,-8.24
986,-23.93,187.74,7.74,-7.74
987,-25.02,187.23,7.23,-7.23
988,-26.18,186.73,6.73,-6.73
989,-27.53,186.24,6.24,-6.24
990,-28.81,185.74,5.74,-5.74
991,-30.21,185.25,5.25,-5.25
992,-31.56,184.76,4.76,-4.76
993,-32.59,184.27,4.27,-4.27
994,-34.12,183.77,3.77,-3.77
995,-35.71,183.26,3.26,-3.26
996,-37.11,182.74,2.74,-2.74
997,-38.76,182.27,2.27,-2.27
998,-39.86,181.74,1.74,-1.74
999,-41.81,181.19,1.19,-1.19
1000,-43.27,180.67,0.67,-0.67
1001,-44.37,180.17,0.17,-0.17
1002,-45.78,179.63,-0.37,0.37
1003,-47.18,179.11,-0.89,0.89
1004,-48.1,178.58,-1.42,1.42
1005,-48.52,178.06,-1.94,1.94
1006,-49.13,177.54,-2.46,2.46
1007,-49.62,176.99,-3.01,3.01
1008,-49.99,176.46,-3.54,3.54
1009,-50.29,175.92,-4.08,4.08
1010,-50.66,175.39,-4.61,4.61
1011,-50.84,174.85,-5.15,5.15
1012,-51.09,174.33,-5.67,5.67
1013,-51.09,173.83,-6.17,6.17
1014,-51.15,173.32,-6.68,6.68
1015,-51.03,172.82,-7.18,7.18
1016,-51.03,172.32,-7.68,7.68
1017,-51.15,171.84,-8.16,8.16
1018,-51.09,171.36,-8.64,8.64
1019,-50.96,170.9,-9.1,9.1
1020,-50.78,170.39,-9.61,9.61
1021,-50.48,169.89,-10.11,10.11
1022,-50.11,169.39,-10.61,10.61
1023,-49.8,168.9,-11.1,11.1
1024,-49.26,168.41,-11.59,11.59
1025,-48.77,167.96,-12.04,12.04
1026,-48.28,167.5,-12.5,12.5
1027,-47.67,167.07,-12.93,12.93
1028,-47.91,166.63,-13.37,13.37
1029,-48.16,166.21,-13.79,13.79
1030,-48.28,165.82,-14.18,14.18
1031,-48.34,165.44,-14.56,14.56
1032,-47.91,165.07,-14.93,14.93
1033,-47.49,164.68,-15.32,15.32
1034,-46.63,164.3,-15.7,15.7
1035,-45.65,164.03,-15.97,15.97
1036,-44.31,163.7,-16.3,16.3
1037,-43.7,163.6,-16.4,16.4
1038,-41.56,163.29,-16.71,16.71
1039,-40.89,163.17,-16.83,16.83
1040,-39.79,162.87,-17.13,17.13
1041,-39.67,162.69,-17.31,17.31
1042,-39,162.41,-17.59,17.59
1043,-38.7,162.23,-17.77,17.77
1044,-38.27,161.96,-18.04,18.04
1045,-37.78,161.68,-18.32,18.32
1046,-37.6,161.47,-18.53,18.53
1047,-37.66,161.38,-18.62,18.62
1048,-37.48,161.29,-18.71,18.71
1049,-36.07,161.1,-18.9,18.9
1050,-36.13,161.26,-18.74,18.74
1051,-35.95,161.12,-18.88,18.88
1052,-35.77,161.18,-18.82,18.82
1053,-35.64,161.03,-18.97,18.97
1054,-36.13,161.06,-18.94,18.94
1055,-36.44,160.98,-19.02,19.02
1056,-36.8,160.98,-19.02,19.02
1057,-36.93,161,-19,19
1058,-36.44,161.01,-18.99,18.99
1059,-35.95,161.08,-18.92,18.92
1060,-36.07,161.07,-18.93,18.93
1061,-36.07,161.17,-18.83,18.83
1062,-35.95,161.21,-18.79,18.79
1063,-35.77,161.34,-18.66,18.66
1064,-36.19,161.43,-18.57,18.57
1065,-36.5,161.56,-18.44,18.44
1066,-37.11,161.71,-18.29,18.29
1067,-37.66,161.9,-18.1,18.1
1068,-37.78,162.11,-17.89,17.89
1069,-37.96,162.34,-17.66,17.66
1070,-38.45,162.64,-17.36,17.36
1071,-38.15,162.92,-17.08,17.08
1072,-38.27,163.24,-16.76,16.76
1073,-37.9,163.59,-16.41,16.41
1074,-37.6,163.97,-16.03,16.03
1075,-36.56,164.32,-15.68,15.68
1076,-35.83,164.67,-15.33,15.33
1077,-35.1,165.04,-14.96,14.96
1078,-34.3,165.43,-14.57,14.57
1079,-33.87,165.86,-14.14,14.14
1080,-32.17,166.23,-13.77,13.77
1081,-31.37,166.67,-13.33,13.33
1082,-30.46,167.11,-12.89,12.89
1083,-29.3,167.56,-12.44,12.44
1084,-28.38,168.02,-11.98,11.98
1085,-27.34,168.47,-11.53,11.53
1086,-26.25,168.94,-11.06,11.06
1087,-25.15,169.4,-10.6,10.6
1088,-23.44,169.86,-10.14,10.14
1089,-22.09,170.34,-9.66,9.66
1090,-20.69,170.79,-9.21,9.21
1091,-19.23,171.26,-8.74,8.74
1092,-17.88,171.71,-8.29,8.29
1093,-16.48,172.19,-7.81,7.81
1094,-15.32,172.65,-7.35,7.35
1095,-14.16,173.11,-6.89,6.89
1096,-13.31,173.55,-6.45,6.45
1097,-12.15,173.99,-6.01,6.01
1098,-10.86,174.44,-5.56,5.56
1099,-9.89,174.89,-5.11,5.11
1100,-8.85,175.34,-4.66,4.66
1101,-7.63,175.77,-4.23,4.23
1102,-6.59,176.21,-3.79,3.79
1103,-5.37,176.65,-3.35,3.35
1104,-4.27,177.08,-2.92,2.92
1105,-3.05,177.51,-2.49,2.49
1106,-2.2,177.94,-2.06,2.06
1107,-1.71,178.36,-1.64,1.64
1108,-0.85,178.73,-1.27,1.27
1109,0,179.11,-0.89,0.89
1110,0.67,179.49,-0.51,0.51
1111,1.1,179.88,-0.12,0.12
1112,1.34,180.26,0.26,-0.26
1113,1.46,180.65,0.65,-0.65
1114,2.08,181.06,1.06,-1.06
1115,1.89,181.46,1.46,-1.46
1116,2.32,181.87,1.87,-1.87
1117,2.44,182.28,2.28,-2.28
1118,2.32,182.69,2.69,-2.69
1119,2.2,183.11,3.11,-3.11
1120,2.75,183.51,3.51,-3.51
1121,3.11,183.94,3.94,-3.94
1122,3.66,184.35,4.35,-4.35
1123,4.46,184.76,4.76,-4.76
1124,5.25,185.18,5.18,-5.18
1125,5.98,185.62,5.62,-5.62
1126,6.65,186.04,6.04,-6.04
1127,7.63,186.46,6.46,-6.46
1128,8.48,186.88,6.88,-6.88
1129,9.4,187.31,7.31,-7.31
1130,10.25,187.74,7.74,-7.74
1131,10.99,188.18,8.18,-8.18
1132,12.15,188.63,8.63,-8.63
1133,12.82,189.07,9.07,-9.07
1134,12.94,189.48,9.48,-9.48
1135,13,189.9,9.9,-9.9
1136,13.12,190.33,10.33,-10.33
1137,12.63,190.77,10.77,-10.77
1138,12.15,191.2,11.2,-11.2
1139,11.78,191.63,11.63,-11.63
1140,11.23,192.04,12.04,-12.04
1141,11.11,192.48,12.48,-12.48
1142,11.23,192.92,12.92,-12.92
1143,11.54,193.38,13.38,-13.38
1144,12.02,193.82,13.82,-13.82
1145,13.12,194.28,14.28,-14.28
1146,14.04,194.71,14.71,-14.71
1147,15.08,195.16,15.16,-15.16
1148,16.17,195.59,15.59,-15.59
1149,17.33,196,16,-16
1150,18.68,196.43,16.43,-16.43
1151,19.9,196.83,16.83,-16.83
1152,21.3,197.2,17.2,-17.2
1153,22.22,197.62,17.62,-17.62
1154,23.19,198.02,18.02,-18.02
1155,23.99,198.41,18.41,-18.41
1156,24.9,198.8,18.8,-18.8
1157,25.76,199.19,19.19,-19.19
1158,26.43,199.59,19.59,-19.59
1159,27.04,200.01,20.01,-20.01
1160,27.65,200.45,20.45,-20.45
1161,28.69,200.87,20.87,-20.87
1162,30.21,201.28,21.28,-21.28
1163,31.37,201.68,21.68,-21.68
1164,32.47,202.06,22.06,-22.06
1165,33.69,202.41,22.41,-22.41
1166,35.16,202.72,22.72,-22.72
1167,36.99,203.04,23.04,-23.04
1168,38.33,203.33,23.33,-23.33
1169,39.55,203.65,23.65,-23.65
1170,40.34,203.96,23.96,-23.96
1171,40.95,204.34,24.34,-24.34
1172,41.26,204.69,24.69,-24.69
1173,41.2,205.03,25.03,-25.03
1174,40.71,205.37,25.37,-25.37
1175,39.73,205.7,25.7,-25.7
1176,38.33,205.99,25.99,-25.99
1177,36.87,206.27,26.27,-26.27
1178,37.35,206.55,26.55,-26.55
1179,37.9,206.91,26.91,-26.91
1180,37.78,207.18,27.18,-27.18
1181,37.78,207.44,27.44,-27.44
1182,38.82,207.68,27.68,-27.68
1183,40.22,207.98,27.98,-27.98
1184,41.5,208.29,28.29,-28.29
1185,42.48,208.62,28.62,-28.62
1186,43.95,209.01,29.01,-29.01
1187,44.92,209.28,29.28,-29.28
1188,45.65,209.54,29.54,-29.54
1189,46.45,209.74,29.74,-29.74
1190,46.51,209.92,29.92,-29.92
1191,46.69,210.1,30.1,-30.1
1192,46.69,210.25,30.25,-30.25
1193,46.81,210.42,30.42,-30.42
1194,46.45,210.55,30.55,-30.55
1195,46.33,210.67,30.67,-30.67
1196,46.39,210.79,30.79,-30.79
1197,47.12,211.02,31.02,-31.02
1198,47.91,211.16,31.16,-31.16
1199,48.52,211.41,31.41,-31.41
1200,48.95,211.55,31.55,-31.55
1201,49.62,211.66,31.66,-31.66
1202,50.29,211.79,31.79,-31.79
1203,50.78,211.89,31.89,-31.89
1204,50.72,211.96,31.96,-31.96
1205,49.93,211.98,31.98,-31.98
1206,49.01,212.03,32.03,-32.03
1207,48.34,212.03,32.03,-32.03
1208,47,212.08,32.08,-32.08
1209,45.72,212.2,32.2,-32.2
1210,44.49,212.32,32.32,-32.32
1211,43.7,212.4,32.4,-32.4
1212,42.91,212.46,32.46,-32.46
1213,42.66,212.5,32.5,-32.5
1214,42.54,212.52,32.52,-32.52
1215,42.48,212.54,32.54,-32.54
1216,43.03,212.54,32.54,-32.54
1217,43.46,212.52,32.52,-32.52
1218,43.52,212.45,32.45,-32.45
1219,43.46,212.42,32.42,-32.42
1220,43.4,212.37,32.37,-32.37
1221,43.09,212.29,32.29,-32.29
1222,42.05,212.27,32.27,-32.27
1223,41.02,212.24,32.24,-32.24
1224,39.73,212.19,32.19,-32.19
1225,38.21,212.13,32.13,-32.13
1226,36.8,212.07,32.07,-32.07
1227,35.22,211.99,31.99,-31.99
1228,33.63,211.92,31.92,-31.92
1229,32.17,211.85,31.85,-31.85
1230,31.01,211.78,31.78,-31.78
1231,29.97,211.69,31.69,-31.69
1232,29.91,211.62,31.62,-31.62
1233,29.97,211.55,31.55,-31.55
1234,30.09,211.47,31.47,-31.47
1235,30.64,211.43,31.43,-31.43
1236,31.25,211.4,31.4,-31.4
1237,31.68,211.37,31.37,-31.37
1238,31.62,211.33,31.33,-31.33
1239,31.86,211.28,31.28,-31.28
1240,32.04,211.24,31.24,-31.24
1241,31.98,211.21,31.21,-31.21
1242,31.8,211.18,31.18,-31.18
1243,31.98,211.13,31.13,-31.13
1244,32.29,211.08,31.08,-31.08
1245,32.47,211.03,31.03,-31.03
1246,32.71,210.96,30.96,-30.96
1247,33.2,210.91,30.91,-30.91
1248,33.63,210.85,30.85,-30.85
1249,33.94,210.77,30.77,-30.77
1250,34.12,210.7,30.7,-30.7
1251,34.18,210.62,30.62,-30.62
1252,34.48,210.54,30.54,-30.54
1253,34.18,210.45,30.45,-30.45
1254,34.12,210.34,30.34,-30.34
1255,33.57,210.23,30.23,-30.23
1256,33.08,210.11,30.11,-30.11
1257,32.59,209.98,29.98,-29.98
1258,31.74,209.87,29.87,-29.87
1259,31.19,209.72,29.72,-29.72
1260,30.52,209.62,29.62,-29.62
1261,30.09,209.51,29.51,-29.51
1262,29.85,209.39,29.39,-29.39
1263,29.6,209.29,29.29,-29.29
1264,29.36,209.15,29.15,-29.15
1265,28.69,209.01,29.01,-29.01
1266,28.63,208.88,28.88,-28.88
1267,28.5,208.73,28.73,-28.73
1268,28.5,208.6,28.6,-28.6
1269,28.56,208.44,28.44,-28.44
1270,28.69,208.27,28.27,-28.27
1271,28.56,208.1,28.1,-28.1
1272,29.11,207.95,27.95,-27.95
1273,28.81,207.79,27.79,-27.79
1274,28.99,207.63,27.63,-27.63
1275,29.24,207.48,27.48,-27.48
1276,29.11,207.3,27.3,-27.3
1277,28.75,207.13,27.13,-27.13
1278,28.44,206.94,26.94,-26.94
1279,27.95,206.75,26.75,-26.75
1280,27.53,206.54,26.54,-26.54
1281,27.04,206.31,26.31,-26.31
1282,26.25,206.07,26.07,-26.07
1283,25.63,205.82,25.82,-25.82
1284,24.96,205.55,25.55,-25.55
1285,24.11,205.3,25.3,-25.3
1286,22.83,205.04,25.04,-25.04
1287,21.55,204.79,24.79,-24.79
1288,20.2,204.52,24.52,-24.52
1289,18.92,204.26,24.26,-24.26
1290,17.03,203.98,23.98,-23.98
1291,15.44,203.71,23.71,-23.71
1292,14.16,203.43,23.43,-23.43
1293,12.82,203.14,23.14,-23.14
1294,11.41,202.84,22.84,-22.84
1295,10.5,202.52,22.52,-22.52
1296,9.52,202.22,22.22,-22.22
1297,8.67,201.9,21.9,-21.9
1298,7.93,201.59,21.59,-21.59
1299,6.96,201.28,21.28,-21.28
1300,6.65,200.98,20.98,-20.98
1301,6.04,200.67,20.67,-20.67
1302,5.8,200.36,20.36,-20.36
1303,4.88,200.05,20.05,-20.05
1304,4.21,199.73,19.73,-19.73
1305,3.48,199.42,19.42,-19.42
1306,2.5,199.1,19.1,-19.1
1307,1.77,198.79,18.79,-18.79
1308,1.04,198.47,18.47,-18.47
1309,0.43,198.16,18.16,-18.16
1310,-0.31,197.84,17.84,-17.84
1311,-1.04,197.51,17.51,-17.51
1312,-1.46,197.19,17.19,-17.19
1313,-1.89,196.88,16.88,-16.88
1314,-2.2,196.56,16.56,-16.56
1315,-2.62,196.25,16.25,-16.25
1316,-2.93,195.94,15.94,-15.94
1317,-3.66,195.63,15.63,-15.63
1318,-4.03,195.33,15.33,-15.33
1319,-4.76,195.02,15.02,-15.02
1320,-5.55,194.73,14.73,-14.73
1321,-6.53,194.44,14.44,-14.44
1322,-7.45,194.14,14.14,-14.14
1323,-8.42,193.84,13.84,-13.84
1324,-9.7,193.54,13.54,-13.54
1325,-10.31,193.25,13.25,-13.25
1326,-10.93,192.94,12.94,-12.94
1327,-11.47,192.64,12.64,-12.64
1328,-12.33,192.33,12.33,-12.33
1329,-12.45,192.03,12.03,-12.03
1330,-12.88,191.71,11.71,-11.71
1331,-13.37,191.4,11.4,-11.4
1332,-13.61,191.09,11.09,-11.09
1333,-14.22,190.77,10.77,-10.77
1334,-14.65,190.45,10.45,-10.45
1335,-15.14,190.13,10.13,-10.13
1336,-15.56,189.79,9.79,-9.79
1337,-16.42,189.46,9.46,-9.46
1338,-16.97,189.12,9.12,-9.12
1339,-17.27,188.78,8.78,-8.78
1340,-18.01,188.44,8.44,-8.44
1341,-18.49,188.09,8.09,-8.09
1342,-18.62,187.74,7.74,-7.74
1343,-19.29,187.38,7.38,-7.38
1344,-19.59,187.02,7.02,-7.02
1345,-19.65,186.67,6.67,-6.67
1346,-20.02,186.31,6.31,-6.31
1347,-20.57,185.95,5.95,-5.95
1348,-20.81,185.57,5.57,-5.57
1349,-21.79,185.19,5.19,-5.19
1350,-22.52,184.81,4.81,-4.81
1351,-23.13,184.43,4.43,-4.43
1352,-24.05,184.05,4.05,-4.05
1353,-25.15,183.67,3.67,-3.67
1354,-26.18,183.29,3.29,-3.29
1355,-27.1,182.92,2.92,-2.92
1356,-28.08,182.54,2.54,-2.54
1357,-29.42,182.16,2.16,-2.16
1358,-30.15,181.8,1.8,-1.8
1359,-31.07,181.44,1.44,-1.44
1360,-31.86,181.08,1.08,-1.08
1361,-32.84,180.71,0.71,-0.71
1362,-33.94,180.35,0.35,-0.35
1363,-34.73,179.99,-0.01,0.01
1364,-35.52,179.63,-0.37,0.37
1365,-36.38,179.28,-0.72,0.72
1366,-37.35,178.93,-1.07,1.07
1367,-38.15,178.59,-1.41,1.41
1368,-38.57,178.25,-1.75,1.75
1369,-39.06,177.92,-2.08,2.08
1370,-39.06,177.59,-2.41,2.41
1371,-39.18,177.27,-2.73,2.73
1372,-39.18,176.95,-3.05,3.05
1373,-39.12,176.63,-3.37,3.37
1374,-38.76,176.31,-3.69,3.69
1375,-38.82,176,-4,4
1376,-37.9,175.69,-4.31,4.31
1377,-37.35,175.39,-4.61,4.61
1378,-36.56,175.09,-4.91,4.91
1379,-35.71,174.8,-5.2,5.2
1380,-34.73,174.51,-5.49,5.49
1381,-34,174.21,-5.79,5.79
1382,-33.75,173.91,-6.09,6.09
1383,-33.51,173.62,-6.38,6.38
1384,-33.33,173.34,-6.66,6.66
1385,-33.39,173.06,-6.94,6.94
1386,-33.63,172.76,-7.24,7.24
1387,-34.18,172.47,-7.53,7.53
1388,-34.79,172.18,-7.82,7.82
1389,-35.1,171.9,-8.1,8.1
1390,-35.58,171.61,-8.39,8.39
1391,-36.07,171.33,-8.67,8.67
1392,-36.74,171.05,-8.95,8.95
1393,-37.72,170.77,-9.23,9.23
1394,-38.39,170.5,-9.5,9.5
1395,-39,170.23,-9.77,9.77
1396,-39.43,169.98,-10.02,10.02
1397,-39.98,169.73,-10.27,10.27
1398,-40.22,169.48,-10.52,10.52
1399,-40.34,169.21,-10.79,10.79
1400,-40.41,168.94,-11.06,11.06
1401,-41.14,168.68,-11.32,11.32
1402,-41.2,168.43,-11.57,11.57
1403,-41.38,168.19,-11.81,11.81
1404,-41.5,167.92,-12.08,12.08
1405,-41.26,167.78,-12.22,12.22
1406,-41.38,167.54,-12.46,12.46
1407,-41.02,167.44,-12.56,12.56
1408,-39.79,167.19,-12.81,12.81
1409,-38.15,167.02,-12.98,12.98
1410,-37.23,166.77,-13.23,13.23
1411,-36.19,166.56,-13.44,13.44
1412,-34.97,166.34,-13.66,13.66
1413,-33.94,166.15,-13.85,13.85
1414,-32.84,165.99,-14.01,14.01
1415,-32.35,165.8,-14.2,14.2
1416,-32.23,165.6,-14.4,14.4
1417,-31.8,165.53,-14.47,14.47
1418,-31.62,165.56,-14.44,14.44
1419,-31.56,165.42,-14.58,14.58
1420,-30.58,165.42,-14.58,14.58
1421,-29.42,165.29,-14.71,14.71
1422,-28.75,165.22,-14.78,14.78
1423,-27.1,165.07,-14.93,14.93
1424,-25.63,165.09,-14.91,14.91
1425,-24.6,164.99,-15.01,15.01
1426,-23.8,164.97,-15.03,15.03
1427,-23.25,164.91,-15.09,15.09
1428,-23.32,164.87,-15.13,15.13
1429,-23.25,164.85,-15.15,15.15
1430,-23.5,164.85,-15.15,15.15
1431,-24.41,164.86,-15.14,15.14
1432,-24.35,164.89,-15.11,15.11
1433,-24.41,164.94,-15.06,15.06
1434,-23.99,164.98,-15.02,15.02
1435,-24.23,165.03,-14.97,14.97
1436,-24.11,165.09,-14.91,14.91
1437,-24.11,165.23,-14.77,14.77
1438,-24.17,165.35,-14.65,14.65
1439,-24.35,165.48,-14.52,14.52
1440,-24.29,165.61,-14.39,14.39
1441,-24.6,165.75,-14.25,14.25
1442,-24.17,165.94,-14.06,14.06
1443,-24.54,166.15,-13.85,13.85
1444,-24.17,166.35,-13.65,13.65
1445,-23.74,166.59,-13.41,13.41
1446,-23.32,166.82,-13.18,13.18
1447,-22.4,167.06,-12.94,12.94
1448,-21.85,167.29,-12.71,12.71
1449,-21.36,167.58,-12.42,12.42
1450,-20.87,167.93,-12.07,12.07
1451,-20.08,168.27,-11.73,11.73
1452,-19.53,168.6,-11.4,11.4
1453,-19.1,168.95,-11.05,11.05
1454,-18.01,169.26,-10.74,10.74
1455,-17.52,169.64,-10.36,10.36
1456,-16.97,170,-10,10
1457,-16.11,170.4,-9.6,9.6
1458,-15.32,170.79,-9.21,9.21
1459,-14.95,171.17,-8.83,8.83
1460,-14.34,171.56,-8.44,8.44
1461,-13.61,171.95,-8.05,8.05
1462,-13.18,172.33,-7.67,7.67
1463,-12.39,172.73,-7.27,7.27
1464,-11.47,173.08,-6.92,6.92
1465,-10.31,173.47,-6.53,6.53
1466,-9.52,173.83,-6.17,6.17
1467,-8.67,174.2,-5.8,5.8
1468,-8.18,174.59,-5.41,5.41
1469,-7.32,174.94,-5.06,5.06
1470,-6.47,175.34,-4.66,4.66
1471,-5.43,175.7,-4.3,4.3
1472,-4.21,176.09,-3.91,3.91
1473,-2.99,176.46,-3.54,3.54
1474,-1.59,176.8,-3.2,3.2
1475,0,177.15,-2.85,2.85
1476,1.28,177.49,-2.51,2.51
1477,2.81,177.82,-2.18,2.18
1478,3.97,178.15,-1.85,1.85
1479,4.58,178.47,-1.53,1.53
1480,5.49,178.8,-1.2,1.2
1481,6.16,179.12,-0.88,0.88
1482,6.71,179.44,-0.56,0.56
1483,7.2,179.75,-0.25,0.25
1484,7.51,180.05,0.05,-0.05
1485,7.51,180.34,0.34,-0.34
1486,7.63,180.64,0.64,-0.64
1487,7.69,180.89,0.89,-0.89
1488,8.18,181.17,1.17,-1.17
1489,8.18,181.44,1.44,-1.44
1490,8.42,181.72,1.72,-1.72
1491,8.85,181.98,1.98,-1.98
1492,9.16,182.26,2.26,-2.26
1493,9.83,182.52,2.52,-2.52
1494,10.25,182.8,2.8,-2.8
1495,10.74,183.06,3.06,-3.06
1496,11.05,183.34,3.34,-3.34
1497,11.11,183.62,3.62,-3.62
1498,10.93,183.9,3.9,-3.9
1499,11.11,184.17,4.17,-4.17
1500,11.78,184.44,4.44,-4.44
1501,11.96,184.72,4.72,-4.72
1502,12.15,184.98,4.98,-4.98
1503,12.82,185.24,5.24,-5.24
1504,13.43,185.5,5.5,-5.5
1505,13.55,185.76,5.76,-5.76
1506,13.73,186.02,6.02,-6.02
1507,13.92,186.29,6.29,-6.29
1508,14.1,186.55,6.55,-6.55
1509,14.22,186.82,6.82,-6.82
1510,14.59,187.08,7.08,-7.08
1511,15.63,187.37,7.37,-7.37
1512,16.66,187.63,7.63,-7.63
1513,15.99,187.87,7.87,-7.87
1514,16.24,188.1,8.1,-8.1
1515,17.03,188.35,8.35,-8.35
1516,17.33,188.59,8.59,-8.59
1517,17.52,188.81,8.81,-8.81
1518,17.64,189.03,9.03,-9.03
1519,17.7,189.24,9.24,-9.24
1520,17.58,189.46,9.46,-9.46
1521,17.76,189.67,9.67,-9.67
1522,18.13,189.88,9.88,-9.88
1523,18.68,190.08,10.08,-10.08
1524,18.98,190.29,10.29,-10.29
1525,19.41,190.5,10.5,-10.5
1526,19.71,190.72,10.72,-10.72
1527,20.2,190.94,10.94,-10.94
1528,20.51,191.14,11.14,-11.14
1529,20.63,191.35,11.35,-11.35
1530,20.69,191.55,11.55,-11.55
1531,20.75,191.73,11.73,-11.73
1532,20.81,191.91,11.91,-11.91
1533,20.75,192.07,12.07,-12.07
1534,20.87,192.24,12.24,-12.24
1535,21.18,192.4,12.4,-12.4
1536,22.16,192.55,12.55,-12.55
1537,22.95,192.69,12.69,-12.69
1538,23.93,192.78,12.78,-12.78
1539,24.78,192.86,12.86,-12.86
1540,25.63,192.94,12.94,-12.94
1541,26.79,193,13,-13
1542,27.4,193.04,13.04,-13.04
1543,28.08,193.07,13.07,-13.07
1544,28.5,193.1,13.1,-13.1
1545,28.81,193.11,13.11,-13.11
1546,28.93,193.11,13.11,-13.11
1547,29.11,193.12,13.12,-13.12
1548,29.54,193.11,13.11,-13.11
1549,29.91,193.1,13.1,-13.1
1550,30.7,193.11,13.11,-13.11
1551,31.25,193.11,13.11,-13.11
1552,32.1,193.1,13.1,-13.1
1553,33.08,193.07,13.07,-13.07
1554,33.81,193.05,13.05,-13.05
1555,34.3,193,13,-13
1556,34.55,192.94,12.94,-12.94
1557,34.85,192.89,12.89,-12.89
1558,34.79,192.83,12.83,-12.83
1559,34.79,192.76,12.76,-12.76
1560,34.79,192.69,12.69,-12.69
1561,34.67,192.61,12.61,-12.61
1562,34.79,192.53,12.53,-12.53
1563,34.61,192.47,12.47,-12.47
1564,35.03,192.41,12.41,-12.41
1565,35.28,192.34,12.34,-12.34
1566,34.36,192.23,12.23,-12.23
1567,33.63,192.15,12.15,-12.15
1568,34.18,192.1,12.1,-12.1
1569,33.02,192,12,-12
1570,31.25,191.88,11.88,-11.88
1571,29.17,191.78,11.78,-11.78
1572,28.87,191.7,11.7,-11.7
1573,28.14,191.64,11.64,-11.64
1574,27.4,191.51,11.51,-11.51
1575,26.37,191.45,11.45,-11.45
1576,26.18,191.36,11.36,-11.36
1577,25.63,191.3,11.3,-11.3
1578,25.27,191.22,11.22,-11.22
1579,24.84,191.12,11.12,-11.12
1580,24.48,191.03,11.03,-11.03
1581,23.99,190.92,10.92,-10.92
1582,23.56,190.83,10.83,-10.83
1583,23.32,190.74,10.74,-10.74
1584,22.95,190.63,10.63,-10.63
1585,22.89,190.53,10.53,-10.53
1586,22.89,190.41,10.41,-10.41
1587,22.89,190.29,10.29,-10.29
1588,22.71,190.2,10.2,-10.2
1589,22.28,190.08,10.08,-10.08
1590,21.85,189.97,9.97,-9.97
1591,20.75,189.84,9.84,-9.84
1592,19.53,189.7,9.7,-9.7
1593,18.49,189.57,9.57,-9.57
1594,17.4,189.43,9.43,-9.43
1595,16.42,189.28,9.28,-9.28
1596,15.5,189.14,9.14,-9.14
1597,15.08,188.98,8.98,-8.98
1598,14.28,188.82,8.82,-8.82
1599,14.16,188.66,8.66,-8.66
1600,13.98,188.49,8.49,-8.49
1601,13.79,188.3,8.3,-8.3
1602,13.06,188.11,8.11,-8.11
1603,12.45,187.92,7.92,-7.92
1604,11.17,187.72,7.72,-7.72
1605,9.95,187.51,7.51,-7.51
1606,8.79,187.3,7.3,-7.3
1607,7.08,187.09,7.09,-7.09
1608,5.98,186.86,6.86,-6.86
1609,4.88,186.64,6.64,-6.64
1610,3.91,186.38,6.38,-6.38
1611,2.99,186.15,6.15,-6.15
1612,1.83,185.91,5.91,-5.91
1613,0.85,185.67,5.67,-5.67
1614,-0.12,185.43,5.43,-5.43
1615,-1.46,185.2,5.2,-5.2
1616,-2.2,184.97,4.97,-4.97
1617,-3.17,184.73,4.73,-4.73
1618,-3.85,184.49,4.49,-4.49
1619,-4.33,184.24,4.24,-4.24
1620,-5.07,183.99,3.99,-3.99
1621,-5.62,183.73,3.73,-3.73
1622,-6.23,183.48,3.48,-3.48
1623,-6.9,183.21,3.21,-3.21
1624,-7.26,182.96,2.96,-2.96
1625,-7.39,182.7,2.7,-2.7
1626,-7.93,182.44,2.44,-2.44
1627,-8.18,182.17,2.17,-2.17
1628,-8.36,181.9,1.9,-1.9
1629,-8.54,181.64,1.64,-1.64
1630,-8.67,181.38,1.38,-1.38
1631,-8.91,181.11,1.11,-1.11
1632,-9.09,180.84,0.84,-0.84
1633,-9.22,180.58,0.58,-0.58
1634,-9.46,180.32,0.32,-0.32
1635,-9.58,180.06,0.06,-0.06
1636,-9.95,179.8,-0.2,0.2
1637,-10.44,179.54,-0.46,0.46
1638,-10.31,179.28,-0.72,0.72
1639,-10.68,179.02,-0.98,0.98
1640,-10.93,178.77,-1.23,1.23
1641,-11.23,178.51,-1.49,1.49
1642,-11.47,178.25,-1.75,1.75
1643,-11.72,178,-2,2
1644,-12.02,177.76,-2.24,2.24
1645,-12.39,177.52,-2.48,2.48
1646,-12.82,177.29,-2.71,2.71
1647,-13,177.07,-2.93,2.93
1648,-13.49,176.84,-3.16,3.16
1649,-13.85,176.63,-3.37,3.37
1650,-14.28,176.43,-3.57,3.57
1651,-14.65,176.21,-3.79,3.79
1652,-14.89,176,-4,4
1653,-15.26,175.8,-4.2,4.2
1654,-15.75,175.61,-4.39,4.39
1655,-15.63,175.43,-4.57,4.57
1656,-15.5,175.26,-4.74,4.74
1657,-15.75,175.15,-4.85,4.85
1658,-15.5,174.95,-5.05,5.05
1659,-15.56,174.8,-5.2,5.2
1660,-15.38,174.63,-5.37,5.37
1661,-15.14,174.46,-5.54,5.54
1662,-15.32,174.33,-5.67,5.67
1663,-15.08,174.19,-5.81,5.81
1664,-15.38,174.08,-5.92,5.92
1665,-15.69,173.91,-6.09,6.09
1666,-15.99,173.78,-6.22,6.22
1667,-16.17,173.63,-6.37,6.37
1668,-16.54,173.52,-6.48,6.48
1669,-16.97,173.43,-6.57,6.57
1670,-17.09,173.28,-6.72,6.72
1671,-17.76,173.18,-6.82,6.82
1672,-17.52,173.04,-6.96,6.96
1673,-17.33,173.05,-6.95,6.95
1674,-17.46,172.9,-7.1,7.1
1675,-17.58,172.87,-7.13,7.13
1676,-17.7,172.65,-7.35,7.35
1677,-18.25,172.61,-7.39,7.39
1678,-18.37,172.53,-7.47,7.47
1679,-18.13,172.47,-7.53,7.53
1680,-17.52,172.4,-7.6,7.6
1681,-17.46,172.31,-7.69,7.69
1682,-17.46,172.18,-7.82,7.82
1683,-17.33,172.14,-7.86,7.86
1684,-16.42,172.04,-7.96,7.96
1685,-16.36,172.01,-7.99,7.99
1686,-16.6,171.94,-8.06,8.06
1687,-16.66,171.91,-8.09,8.09
1688,-16.36,171.89,-8.11,8.11
1689,-16.3,171.85,-8.15,8.15
1690,-16.36,171.84,-8.16,8.16
1691,-16.24,171.82,-8.18,8.18
1692,-15.5,171.83,-8.17,8.17
1693,-15.01,171.82,-8.18,8.18
1694,-14.59,171.83,-8.17,8.17
1695,-14.22,171.84,-8.16,8.16
1696,-13.55,171.85,-8.15,8.15
1697,-13,171.88,-8.12,8.12
1698,-12.57,171.9,-8.1,8.1
1699,-11.96,171.93,-8.07,8.07
1700,-11.66,171.96,-8.04,8.04
1701,-10.93,172,-8,8
1702,-10.44,172.05,-7.95,7.95
1703,-10.13,172.1,-7.9,7.9
1704,-9.28,172.15,-7.85,7.85
1705,-9.28,172.19,-7.81,7.81
1706,-8.91,172.25,-7.75,7.75
1707,-9.03,172.29,-7.71,7.71
1708,-9.09,172.35,-7.65,7.65
1709,-9.28,172.4,-7.6,7.6
1710,-9.03,172.46,-7.54,7.54
1711,-9.16,172.52,-7.48,7.48
1712,-9.28,172.59,-7.41,7.41
1713,-9.52,172.65,-7.35,7.35
1714,-9.7,172.73,-7.27,7.27
1715,-9.46,172.81,-7.19,7.19
1716,-9.4,172.9,-7.1,7.1
1717,-9.4,172.99,-7.01,7.01
1718,-9.34,173.08,-6.92,6.92
1719,-9.09,173.19,-6.81,6.81
1720,-8.97,173.31,-6.69,6.69
1721,-8.79,173.43,-6.57,6.57
1722,-8.61,173.54,-6.46,6.46
1723,-8.42,173.68,-6.32,6.32
1724,-9.03,173.82,-6.18,6.18
1725,-9.03,173.98,-6.02,6.02
1726,-9.09,174.16,-5.84,5.84
1727,-9.58,174.33,-5.67,5.67
1728,-9.7,174.53,-5.47,5.47
1729,-9.64,174.73,-5.27,5.27
1730,-9.58,174.94,-5.06,5.06
1731,-9.28,175.15,-4.85,4.85
1732,-8.85,175.36,-4.64,4.64
1733,-8.48,175.57,-4.43,4.43
1734,-7.93,175.79,-4.21,4.21
1735,-7.45,176.02,-3.98,3.98
1736,-6.53,176.26,-3.74,3.74
1737,-6.1,176.5,-3.5,3.5
1738,-5.31,176.75,-3.25,3.25
1739,-4.64,176.99,-3.01,3.01
1740,-4.15,177.23,-2.77,2.77
1741,-3.54,177.48,-2.52,2.52
1742,-2.87,177.71,-2.29,2.29
1743,-2.32,177.95,-2.05,2.05
1744,-2.01,178.18,-1.82,1.82
1745,-1.1,178.41,-1.59,1.59
1746,-0.18,178.64,-1.36,1.36
1747,0.37,178.86,-1.14,1.14
1748,0.85,179.07,-0.93,0.93
1749,1.34,179.29,-0.71,0.71
1750,2.32,179.52,-0.48,0.48
1751,3.23,179.74,-0.26,0.26
1752,3.66,179.94,-0.06,0.06
1753,4.64,180.15,0.15,-0.15
1754,5.31,180.34,0.34,-0.34
1755,6.04,180.53,0.53,-0.53
1756,6.84,180.71,0.71,-0.71
1757,7.02,180.9,0.9,-0.9
1758,7.39,181.08,1.08,-1.08
1759,7.57,181.26,1.26,-1.26
1760,7.57,181.43,1.43,-1.43
1761,7.69,181.6,1.6,-1.6
1762,7.81,181.77,1.77,-1.77
1763,8.24,181.94,1.94,-1.94
1764,8.67,182.1,2.1,-2.1
1765,9.52,182.25,2.25,-2.25
1766,10.31,182.38,2.38,-2.38
1767,10.93,182.52,2.52,-2.52
1768,11.78,182.64,2.64,-2.64
1769,12.57,182.77,2.77,-2.77
1770,13.49,182.89,2.89,-2.89
1771,14.34,183,3,-3
1772,14.71,183.1,3.1,-3.1
1773,15.69,183.19,3.19,-3.19
1774,15.99,183.29,3.29,-3.29
1775,16.54,183.38,3.38,-3.38
1776,16.85,183.47,3.47,-3.47
1777,17.27,183.56,3.56,-3.56
1778,17.4,183.64,3.64,-3.64
1779,17.52,183.73,3.73,-3.73
1780,17.58,183.81,3.81,-3.81
1781,17.27,183.88,3.88,-3.88
1782,17.15,183.95,3.95,-3.95
1783,16.91,184,4,-4
1784,16.6,184.05,4.05,-4.05
1785,16.36,184.1,4.1,-4.1
1786,16.11,184.15,4.15,-4.15
1787,16.11,184.19,4.19,-4.19
1788,16.11,184.24,4.24,-4.24
1789,16.17,184.29,4.29,-4.29
1790,16.54,184.34,4.34,-4.34
1791,17.33,184.38,4.38,-4.38
1792,17.52,184.41,4.41,-4.41
1793,17.58,184.45,4.45,-4.45
1794,18.01,184.47,4.47,-4.47
1795,17.94,184.49,4.49,-4.49
1796,18.07,184.5,4.5,-4.5
1797,18.13,184.52,4.52,-4.52
1798,18.13,184.52,4.52,-4.52
1799,17.82,184.53,4.53,-4.53
1800,17.82,184.52,4.52,-4.52
1801,17.76,184.51,4.51,-4.51
1802,17.58,184.49,4.49,-4.49
1803,17.33,184.46,4.46,-4.46
1804,17.64,184.43,4.43,-4.43
1805,17.7,184.39,4.39,-4.39
1806,17.4,184.34,4.34,-4.34
1807,17.15,184.28,4.28,-4.28
1808,16.66,184.22,4.22,-4.22
1809,16.42,184.15,4.15,-4.15
1810,16.17,184.08,4.08,-4.08
1811,15.87,184,4,-4
1812,15.5,183.91,3.91,-3.91
1813,15.38,183.81,3.81,-3.81
1814,15.44,183.69,3.69,-3.69
1815,15.08,183.57,3.57,-3.57
1816,15.14,183.46,3.46,-3.46
1817,15.08,183.34,3.34,-3.34
1818,14.95,183.21,3.21,-3.21
1819,14.77,183.07,3.07,-3.07
1820,14.28,182.92,2.92,-2.92
1821,14.1,182.77,2.77,-2.77
1822,14.16,182.62,2.62,-2.62
1823,14.04,182.46,2.46,-2.46
1824,14.22,182.3,2.3,-2.3
1825,14.4,182.14,2.14,-2.14
1826,14.77,181.99,1.99,-1.99
1827,14.83,181.83,1.83,-1.83
1828,14.89,181.66,1.66,-1.66
1829,14.59,181.51,1.51,-1.51
1830,14.34,181.34,1.34,-1.34
1831,13.92,181.19,1.19,-1.19
1832,13,181.02,1.02,-1.02
1833,12.45,180.85,0.85,-0.85
1834,11.9,180.71,0.71,-0.71
1835,10.68,180.53,0.53,-0.53
1836,10.07,180.37,0.37,-0.37
1837,9.09,180.23,0.23,-0.23
1838,7.87,180.06,0.06,-0.06
1839,6.41,179.91,-0.09,0.09
1840,6.29,179.76,-0.24,0.24
1841,5.62,179.62,-0.38,0.38
1842,4.15,179.48,-0.52,0.52
1843,3.17,179.33,-0.67,0.67
1844,2.5,179.2,-0.8,0.8
1845,1.89,179.06,-0.94,0.94
1846,0.73,178.92,-1.08,1.08
1847,0.31,178.79,-1.21,1.21
1848,-0.49,178.64,-1.36,1.36
1849,-0.85,178.51,-1.49,1.49
1850,-1.04,178.39,-1.61,1.61
1851,-1.46,178.27,-1.73,1.73
1852,-1.46,178.14,-1.86,1.86
1853,-1.53,178.02,-1.98,1.98
1854,-1.46,177.91,-2.09,2.09
1855,-1.46,177.77,-2.23,2.23
1856,-1.4,177.65,-2.35,2.35
1857,-1.22,177.53,-2.47,2.47
1858,-1.53,177.41,-2.59,2.59
1859,-1.83,177.28,-2.72,2.72
1860,-2.14,177.16,-2.84,2.84
1861,-2.56,177.03,-2.97,2.97
1862,-3.17,176.9,-3.1,3.1
1863,-3.78,176.76,-3.24,3.24
1864,-4.09,176.62,-3.38,3.38
1865,-4.03,176.53,-3.47,3.47
1866,-4.52,176.38,-3.62,3.62
1867,-5.13,176.26,-3.74,3.74
1868,-5.68,176.14,-3.86,3.86
1869,-5.8,176.02,-3.98,3.98
1870,-5.98,175.91,-4.09,4.09
1871,-6.16,175.8,-4.2,4.2
1872,-6.1,175.7,-4.3,4.3
1873,-6.23,175.59,-4.41,4.41
1874,-5.98,175.49,-4.51,4.51
1875,-6.1,175.4,-4.6,4.6
1876,-5.68,175.33,-4.67,4.67
1877,-5.55,175.26,-4.74,4.74
1878,-5.19,175.2,-4.8,4.8
1879,-5.37,175.14,-4.86,4.86
1880,-5.49,175.08,-4.92,4.92
1881,-5.55,175.04,-4.96,4.96
1882,-5.62,175,-5,5
1883,-5.92,174.96,-5.04,5.04
1884,-6.04,174.95,-5.05,5.05
1885,-6.41,174.93,-5.07,5.07
1886,-6.04,174.91,-5.09,5.09
1887,-6.04,174.91,-5.09,5.09
1888,-5.92,174.91,-5.09,5.09
1889,-5.43,174.91,-5.09,5.09
1890,-5.07,174.92,-5.08,5.08
1891,-4.52,174.94,-5.06,5.06
1892,-4.09,174.96,-5.04,5.04
1893,-3.48,174.99,-5.01,5.01
1894,-2.99,175.01,-4.99,4.99
1895,-2.44,175.05,-4.95,4.95
1896,-1.71,175.09,-4.91,4.91
1897,-1.46,175.13,-4.87,4.87
1898,-0.98,175.16,-4.84,4.84
1899,-0.98,175.2,-4.8,4.8
1900,-0.67,175.26,-4.74,4.74
1901,-0.49,175.31,-4.69,4.69
1902,-0.49,175.36,-4.64,4.64
1903,-0.43,175.41,-4.59,4.59
1904,-0.18,175.46,-4.54,4.54
1905,0,175.51,-4.49,4.49
1906,0.31,175.56,-4.44,4.44
1907,0.49,175.62,-4.38,4.38
1908,0.73,175.69,-4.31,4.31
1909,0.85,175.75,-4.25,4.25
1910,0.98,175.82,-4.18,4.18
1911,1.4,175.9,-4.1,4.1
1912,1.46,175.97,-4.03,4.03
1913,1.83,176.05,-3.95,3.95
1914,2.2,176.14,-3.86,3.86
1915,2.56,176.24,-3.76,3.76
1916,2.81,176.32,-3.68,3.68
1917,2.81,176.41,-3.59,3.59
1918,2.75,176.51,-3.49,3.49
1919,2.87,176.61,-3.39,3.39
1920,2.32,176.7,-3.3,3.3
1921,2.26,176.8,-3.2,3.2
1922,2.38,176.9,-3.1,3.1
1923,2.69,177,-3,3
1924,2.87,177.1,-2.9,2.9
1925,3.3,177.22,-2.78,2.78
1926,3.6,177.31,-2.69,2.69
1927,4.03,177.42,-2.58,2.58
1928,4.15,177.51,-2.49,2.49
1929,4.39,177.61,-2.39,2.39
1930,4.7,177.71,-2.29,2.29
1931,4.88,177.8,-2.2,2.2
1932,5,177.89,-2.11,2.11
1933,5.25,177.98,-2.02,2.02
1934,5.8,178.07,-1.93,1.93
1935,6.35,178.15,-1.85,1.85
1936,6.9,178.23,-1.77,1.77
1937,7.39,178.31,-1.69,1.69
1938,7.75,178.38,-1.62,1.62
1939,7.69,178.45,-1.55,1.55
1940,7.81,178.51,-1.49,1.49
1941,7.87,178.57,-1.43,1.43
1942,8.12,178.62,-1.38,1.38
1943,7.87,178.66,-1.34,1.34
1944,8.06,178.71,-1.29,1.29
1945,7.93,178.75,-1.25,1.25
1946,8,178.78,-1.22,1.22
1947,8.24,178.81,-1.19,1.19
1948,8.61,178.83,-1.17,1.17
1949,8.97,178.85,-1.15,1.15
1950,9.16,178.86,-1.14,1.14
1951,9.4,178.87,-1.13,1.13
1952,9.83,178.87,-1.13,1.13
1953,10.25,178.87,-1.13,1.13
1954,10.25,178.86,-1.14,1.14
1955,10.01,178.85,-1.15,1.15
1956,9.77,178.83,-1.17,1.17
1957,9.64,178.82,-1.18,1.18
1958,8.73,178.79,-1.21,1.21
1959,8.36,178.77,-1.23,1.23
1960,7.51,178.76,-1.24,1.24
1961,6.71,178.74,-1.26,1.26
1962,5.98,178.71,-1.29,1.29
1963,5.43,178.68,-1.32,1.32
1964,4.94,178.64,-1.36,1.36
1965,4.46,178.6,-1.4,1.4
1966,3.97,178.55,-1.45,1.45
1967,4.03,178.5,-1.5,1.5
1968,3.78,178.45,-1.55,1.55
1969,3.6,178.39,-1.61,1.61
1970,3.72,178.33,-1.67,1.67
1971,3.91,178.27,-1.73,1.73
1972,4.33,178.19,-1.81,1.81
1973,4.39,178.11,-1.89,1.89
1974,4.58,178.02,-1.98,1.98
1975,4.64,177.93,-2.07,2.07
1976,4.94,177.83,-2.17,2.17
1977,4.76,177.72,-2.28,2.28
1978,4.82,177.6,-2.4,2.4
1979,4.39,177.48,-2.52,2.52
1980,4.27,177.35,-2.65,2.65
1981,4.15,177.23,-2.77,2.77
1982,3.6,177.11,-2.89,2.89
1983,3.3,176.97,-3.03,3.03
1984,2.99,176.84,-3.16,3.16
1985,2.62,176.72,-3.28,3.28
1986,2.08,176.59,-3.41,3.41
1987,1.89,176.44,-3.56,3.56
1988,1.1,176.32,-3.68,3.68
1989,0.55,176.19,-3.81,3.81
1990,0.24,176.07,-3.93,3.93
1991,-0.61,175.95,-4.05,4.05
1992,-0.98,175.83,-4.17,4.17
1993,-2.01,175.72,-4.28,4.28
1994,-2.56,175.62,-4.38,4.38
1995,-3.17,175.52,-4.48,4.48
1996,-3.48,175.42,-4.58,4.58
1997,-4.21,175.33,-4.67,4.67
1998,-4.33,175.26,-4.74,4.74
1999,-4.94,175.19,-4.81,4.81
2000,-5.19,175.13,-4.87,4.87
2001,-5.49,175.07,-4.93,4.93
2002,-5.8,175.02,-4.98,4.98
2003,-6.16,174.97,-5.03,5.03
2004,-6.16,174.93,-5.07,5.07
2005,-6.41,174.9,-5.1,5.1
2006,-6.53,174.87,-5.13,5.13
2007,-6.16,174.85,-5.15,5.15
2008,-5.98,174.84,-5.16,5.16
2009,-5.07,174.83,-5.17,5.17
2010,-4.52,174.83,-5.17,5.17
2011,-3.72,174.84,-5.16,5.16
2012,-2.32,174.85,-5.15,5.15
2013,-1.4,174.86,-5.14,5.14
2014,-0.73,174.87,-5.13,5.13
2015,0.06,174.89,-5.11,5.11
2016,0.61,174.91,-5.09,5.09
2017,1.34,174.94,-5.06,5.06
2018,1.59,174.97,-5.03,5.03
2019,2.5,175.01,-4.99,4.99
2020,2.93,175.05,-4.95,4.95
2021,3.66,175.08,-4.92,4.92
2022,4.27,175.13,-4.87,4.87
2023,4.64,175.17,-4.83,4.83
2024,5.37,175.21,-4.79,4.79
2025,5.8,175.26,-4.74,4.74
2026,5.62,175.32,-4.68,4.68
2027,5.74,175.38,-4.62,4.62
2028,5.62,175.44,-4.56,4.56
2029,5.49,175.51,-4.49,4.49
2030,5.31,175.58,-4.42,4.42
2031,4.76,175.66,-4.34,4.34
2032,4.58,175.73,-4.27,4.27
2033,3.72,175.81,-4.19,4.19
2034,3.3,175.89,-4.11,4.11
2035,2.87,175.98,-4.02,4.02
2036,2.2,176.07,-3.93,3.93
2037,2.14,176.16,-3.84,3.84
2038,1.95,176.26,-3.74,3.74
2039,2.14,176.35,-3.65,3.65
2040,2.5,176.44,-3.56,3.56
2041,2.81,176.53,-3.47,3.47
2042,3.42,176.62,-3.38,3.38
2043,3.78,176.7,-3.3,3.3
2044,4.39,176.78,-3.22,3.22
2045,4.64,176.85,-3.15,3.15
2046,4.7,176.92,-3.08,3.08
2047,4.82,176.99,-3.01,3.01
2048,4.7,177.04,-2.96,2.96
2049,4.64,177.09,-2.91,2.91
2050,4.27,177.14,-2.86,2.86
2051,3.91,177.17,-2.83,2.83
2052,3.78,177.21,-2.79,2.79
2053,3.85,177.23,-2.77,2.77
2054,3.72,177.25,-2.75,2.75
2055,4.27,177.26,-2.74,2.74
2056,4.58,177.26,-2.74,2.74
2057,5.25,177.27,-2.73,2.73
2058,5.68,177.27,-2.73,2.73
2059,5.98,177.27,-2.73,2.73
2060,6.29,177.26,-2.74,2.74
2061,6.35,177.24,-2.76,2.76
2062,6.65,177.22,-2.78,2.78
2063,6.47,177.19,-2.81,2.81
2064,6.9,177.16,-2.84,2.84
2065,7.26,177.13,-2.87,2.87
2066,7.57,177.09,-2.91,2.91
2067,7.69,177.07,-2.93,2.93
2068,8.06,177.04,-2.96,2.96
2069,8.48,177.01,-2.99,2.99
2070,8.48,176.99,-3.01,3.01
2071,8.24,176.96,-3.04,3.04
2072,8.36,176.94,-3.06,3.06
2073,7.87,176.91,-3.09,3.09
2074,7.45,176.88,-3.12,3.12
2075,7.08,176.86,-3.14,3.14
2076,6.16,176.84,-3.16,3.16
2077,5.25,176.81,-3.19,3.19
2078,4.33,176.8,-3.2,3.2
2079,3.48,176.8,-3.2,3.2
2080,2.5,176.79,-3.21,3.21
2081,1.59,176.8,-3.2,3.2
2082,0.92,176.8,-3.2,3.2
2083,0.37,176.81,-3.19,3.19
2084,0.06,176.82,-3.18,3.18
2085,-0.06,176.83,-3.17,3.17
2086,0,176.84,-3.16,3.16
2087,-0.12,176.85,-3.15,3.15
2088,0.06,176.87,-3.13,3.13
2089,0.37,176.88,-3.12,3.12
2090,0.24,176.9,-3.1,3.1
2091,0.31,176.92,-3.08,3.08
2092,0.37,176.94,-3.06,3.06
2093,0.37,176.96,-3.04,3.04
2094,0.55,176.97,-3.03,3.03
2095,0.55,176.98,-3.02,3.02
2096,0.61,176.99,-3.01,3.01
2097,0.61,176.99,-3.01,3.01
2098,0.92,177,-3,3
2099,0.73,177.01,-2.99,2.99
2100,0.85,177.02,-2.98,2.98
2101,1.04,177.03,-2.97,2.97
2102,1.1,177.04,-2.96,2.96
2103,1.16,177.04,-2.96,2.96
2104,1.4,177.05,-2.95,2.95
2105,1.77,177.05,-2.95,2.95
2106,1.95,177.05,-2.95,2.95
2107,1.22,177.05,-2.95,2.95
2108,1.34,177.05,-2.95,2.95
2109,1.16,177.04,-2.96,2.96
2110,0.85,177.04,-2.96,2.96
2111,0.55,177.04,-2.96,2.96
2112,0.24,177.03,-2.97,2.97
2113,0,177.03,-2.97,2.97
2114,0,177.02,-2.98,2.98
2115,0.18,177.02,-2.98,2.98
2116,0.55,177.02,-2.98,2.98
2117,0.61,177.03,-2.97,2.97
2118,0.61,177.04,-2.96,2.96
2119,0.98,177.05,-2.95,2.95
2120,0.79,177.07,-2.93,2.93
2121,1.53,177.09,-2.91,2.91
2122,1.77,177.12,-2.88,2.88
2123,2.08,177.14,-2.86,2.86
2124,2.44,177.17,-2.83,2.83
2125,2.87,177.2,-2.8,2.8
2126,2.93,177.23,-2.77,2.77
2127,3.05,177.25,-2.75,2.75
2128,2.93,177.27,-2.73,2.73
2129,2.62,177.3,-2.7,2.7
2130,2.32,177.33,-2.67,2.67
2131,1.95,177.38,-2.62,2.62
2132,1.59,177.43,-2.57,2.57
2133,1.22,177.48,-2.52,2.52
2134,0.98,177.53,-2.47,2.47
2135,1.28,177.59,-2.41,2.41
2136,1.4,177.64,-2.36,2.36
2137,1.46,177.7,-2.3,2.3
2138,1.89,177.77,-2.23,2.23
2139,2.2,177.83,-2.17,2.17
2140,2.08,177.9,-2.1,2.1
2141,2.38,177.96,-2.04,2.04
2142,2.2,178.03,-1.97,1.97
2143,2.32,178.09,-1.91,1.91
2144,2.38,178.16,-1.84,1.84
2145,2.62,178.21,-1.79,1.79
2146,2.38,178.27,-1.73,1.73
2147,2.5,178.33,-1.67,1.67
2148,2.81,178.39,-1.61,1.61
2149,2.75,178.44,-1.56,1.56
2150,2.69,178.5,-1.5,1.5
2151,2.62,178.55,-1.45,1.45
2152,2.75,178.61,-1.39,1.39
2153,2.75,178.67,-1.33,1.33
2154,2.75,178.72,-1.28,1.28
2155,2.93,178.76,-1.24,1.24
2156,2.81,178.81,-1.19,1.19
2157,2.93,178.84,-1.16,1.16
2158,2.99,178.88,-1.12,1.12
2159,2.69,178.91,-1.09,1.09
2160,2.87,178.94,-1.06,1.06
2161,2.93,178.97,-1.03,1.03
2162,2.93,179,-1,1
2163,2.62,179.02,-0.98,0.98
2164,2.26,179.03,-0.97,0.97
2165,2.2,179.04,-0.96,0.96
2166,1.95,179.05,-0.95,0.95
2167,1.77,179.06,-0.94,0.94
2168,1.89,179.06,-0.94,0.94
2169,2.26,179.06,-0.94,0.94
2170,2.44,179.05,-0.95,0.95
2171,2.75,179.06,-0.94,0.94
2172,3.11,179.06,-0.94,0.94
2173,3.36,179.05,-0.95,0.95
2174,3.17,179.04,-0.96,0.96
2175,2.99,179.02,-0.98,0.98
2176,2.75,179.01,-0.99,0.99
2177,2.81,179,-1,1
2178,2.81,178.98,-1.02,1.02
2179,2.81,178.95,-1.05,1.05
2180,2.5,178.95,-1.05,1.05
2181,2.69,178.92,-1.08,1.08
2182,3.17,178.9,-1.1,1.1
2183,3.17,178.89,-1.11,1.11
2184,3.54,178.87,-1.13,1.13
2185,3.48,178.85,-1.15,1.15
2186,3.78,178.84,-1.16,1.16
2187,3.66,178.82,-1.18,1.18
2188,3.42,178.81,-1.19,1.19
2189,3.36,178.79,-1.21,1.21
2190,3.17,178.78,-1.22,1.22
2191,2.99,178.77,-1.23,1.23
2192,2.38,178.76,-1.24,1.24
2193,2.01,178.74,-1.26,1.26
2194,2.01,178.73,-1.27,1.27
2195,1.95,178.72,-1.28,1.28
2196,1.83,178.71,-1.29,1.29
2197,2.01,178.7,-1.3,1.3
2198,1.95,178.71,-1.29,1.29
2199,2.14,178.71,-1.29,1.29
2200,2.38,178.72,-1.28,1.28
2201,2.62,178.72,-1.28,1.28
2202,2.56,178.73,-1.27,1.27
2203,2.81,178.74,-1.26,1.26
2204,2.99,178.75,-1.25,1.25
2205,2.99,178.76,-1.24,1.24
2206,3.11,178.78,-1.22,1.22
2207,3.36,178.8,-1.2,1.2
2208,3.3,178.82,-1.18,1.18
2209,3.6,178.85,-1.15,1.15
2210,3.3,178.88,-1.12,1.12
2211,3.36,178.9,-1.1,1.1
2212,3.36,178.93,-1.07,1.07
2213,3.23,178.95,-1.05,1.05
2214,3.05,178.98,-1.02,1.02
2215,3.17,179.01,-0.99,0.99
2216,2.81,179.03,-0.97,0.97
2217,2.87,179.05,-0.95,0.95
2218,2.56,179.07,-0.93,0.93
2219,2.38,179.09,-0.91,0.91
2220,2.69,179.11,-0.89,0.89
2221,2.69,179.13,-0.87,0.87
2222,2.44,179.16,-0.84,0.84
2223,2.5,179.19,-0.81,0.81
2224,2.62,179.21,-0.79,0.79
2225,2.81,179.24,-0.76,0.76
2226,2.81,179.28,-0.72,0.72
2227,3.17,179.3,-0.7,0.7
2228,2.99,179.33,-0.67,0.67
2229,3.23,179.37,-0.63,0.63
2230,3.36,179.4,-0.6,0.6
2231,2.99,179.43,-0.57,0.57
2232,2.93,179.48,-0.52,0.52
2233,2.87,179.5,-0.5,0.5
2234,2.5,179.55,-0.45,0.45
2235,2.56,179.58,-0.42,0.42
2236,2.56,179.61,-0.39,0.39
2237,2.44,179.65,-0.35,0.35
2238,2.38,179.68,-0.32,0.32
2239,2.69,179.71,-0.29,0.29
2240,2.5,179.73,-0.27,0.27
2241,2.32,179.76,-0.24,0.24
2242,2.62,179.8,-0.2,0.2
2243,2.75,179.82,-0.18,0.18
2244,3.05,179.85,-0.15,0.15
2245,3.05,179.88,-0.12,0.12
2246,3.11,179.91,-0.09,0.09
2247,3.05,179.94,-0.06,0.06
2248,3.3,179.97,-0.03,0.03
2249,3.42,179.99,-0.01,0.01
2250,3.36,180.02,0.02,-0.02
2251,2.99,180.05,0.05,-0.05
2252,2.81,180.08,0.08,-0.08
2253,2.44,180.1,0.1,-0.1
2254,2.14,180.12,0.12,-0.12
2255,2.01,180.13,0.13,-0.13
2256,1.83,180.14,0.14,-0.14
2257,1.4,180.15,0.15,-0.15
2258,1.16,180.17,0.17,-0.17
2259,1.28,180.18,0.18,-0.18
2260,1.53,180.18,0.18,-0.18
2261,1.46,180.2,0.2,-0.2
2262,1.71,180.2,0.2,-0.2
2263,1.77,180.2,0.2,-0.2
2264,2.2,180.2,0.2,-0.2
2265,1.95,180.2,0.2,-0.2
2266,2.01,180.2,0.2,-0.2
2267,1.53,180.2,0.2,-0.2
2268,1.34,180.19,0.19,-0.19
2269,1.16,180.2,0.2,-0.2
2270,1.22,180.2,0.2,-0.2
2271,1.16,180.2,0.2,-0.2
2272,1.1,180.19,0.19,-0.19
2273,1.16,180.19,0.19,-0.19
2274,1.46,180.19,0.19,-0.19
2275,1.28,180.18,0.18,-0.18
2276,1.59,180.18,0.18,-0.18
2277,1.83,180.17,0.17,-0.17
2278,1.95,180.18,0.18,-0.18
2279,2.01,180.17,0.17,-0.17
2280,2.2,180.17,0.17,-0.17
2281,2.26,180.17,0.17,-0.17
2282,2.69,180.16,0.16,-0.16
2283,2.75,180.16,0.16,-0.16
2284,2.87,180.16,0.16,-0.16
2285,2.75,180.16,0.16,-0.16
2286,2.56,180.16,0.16,-0.16
2287,2.62,180.16,0.16,-0.16
2288,2.5,180.17,0.17,-0.17
2289,2.26,180.17,0.17,-0.17
2290,2.38,180.18,0.18,-0.18
2291,2.26,180.18,0.18,-0.18
2292,2.01,180.19,0.19,-0.19
2293,2.32,180.2,0.2,-0.2
2294,2.08,180.21,0.21,-0.21
2295,1.95,180.22,0.22,-0.22
2296,1.77,180.23,0.23,-0.23
2297,1.89,180.24,0.24,-0.24
2298,1.95,180.25,0.25,-0.25
2299,2.14,180.27,0.27,-0.27
2300,2.38,180.27,0.27,-0.27
2301,2.5,180.28,0.28,-0.28
2302,2.69,180.29,0.29,-0.29
2303,2.81,180.31,0.31,-0.31
2304,2.62,180.32,0.32,-0.32
2305,2.56,180.34,0.34,-0.34
2306,2.38,180.35,0.35,-0.35
2307,2.2,180.36,0.36,-0.36
2308,2.38,180.38,0.38,-0.38
2309,2.26,180.4,0.4,-0.4
2310,2.08,180.43,0.43,-0.43
2311,2.38,180.45,0.45,-0.45
2312,2.38,180.47,0.47,-0.47
2313,2.32,180.5,0.5,-0.5
2314,2.2,180.52,0.52,-0.52
2315,1.65,180.55,0.55,-0.55
2316,1.95,180.58,0.58,-0.58
2317,1.83,180.61,0.61,-0.61
2318,2.01,180.64,0.64,-0.64
2319,2.01,180.66,0.66,-0.66
2320,2.01,180.69,0.69,-0.69
2321,1.95,180.71,0.71,-0.71
2322,1.65,180.73,0.73,-0.73
2323,1.89,180.76,0.76,-0.76
2324,1.53,180.79,0.79,-0.79
2325,1.71,180.82,0.82,-0.82
2326,2.2,180.85,0.85,-0.85
2327,2.44,180.89,0.89,-0.89
2328,2.26,180.93,0.93,-0.93
2329,2.38,180.97,0.97,-0.97
2330,2.2,181.01,1.01,-1.01
2331,2.44,181.05,1.05,-1.05
2332,2.2,181.1,1.1,-1.1
2333,2.44,181.14,1.14,-1.14
2334,2.26,181.18,1.18,-1.18
2335,2.32,181.21,1.21,-1.21
2336,2.56,181.25,1.25,-1.25
2337,2.75,181.29,1.29,-1.29